{
    "items": [
        {
            "type": "notifTime", 
            "_rev": "2-8e86db2529314a678b77e057d6d3cd12", 
            "_id": "d22ba19a-c9b4-4a4d-ac4a-05de34a67dde", 
            "notifstart": "2019-04-23T10:15:00.000Z", 
            "notifend": "2019-04-23T20:15:00.000Z"
        }, 
        {
            "tel": "+33 6 16 26 52 65", 
            "name": "", 
            "_rev": "1-dd8eb063d3c34c4e9d646ea72978bb0b", 
            "rel": {
                "q1": 10, 
                "q3": 10, 
                "q2": 8, 
                "q5": "", 
                "q4": 10
            }, 
            "_id": "ec8f759b-4ea5-4ab1-b798-a0c13de10b5e", 
            "type": "relation"
        }, 
        {
            "tel": "+33 6 16 26 52 65", 
            "name": "Alexandrine", 
            "img": "content://com.android.contacts/contacts/150/photo", 
            "_rev": "1-69938754e985474098a4973becffa0f1", 
            "_id": "f6d6c4c1-2e7d-4ccd-a67c-aa52734ae21b", 
            "type": "persImp"
        }
    ], 
    "logs": [
        {
            "IDuser": "lej14", 
            "action": "AppelProche", 
            "data": "2019-04-26T16:52:22.546Z"
        }, 
        {
            "IDuser": "lej14", 
            "action": "login", 
            "data": "2019-04-26T16:51:53.239Z"
        }
    ], 
    "quests": [
        {
            "status": "answered", 
            "img": "assets/img/iconsnew/ques/socio.png", 
            "_rev": "1-390ea4593768407aa4956eed46858620", 
            "datedue": "2019-04-23T14:13:57.816Z", 
            "denom": "Socio-démographique", 
            "freq": "none", 
            "_id": "08873db5-5e34-4b49-a412-5ac3335daf50", 
            "type": "Socio-démographique", 
            "datefinished": "Tue Apr 23 2019 16:15:32 GMT+0200 (heure d’été d’Europe centrale)", 
            "dataquestionnaire": [
                {
                    "code": "age", 
                    "subtitle": "Quel âge avez-vous ?", 
                    "title": "", 
                    "value": "37", 
                    "answered": "true", 
                    "answerType": "Input", 
                    "questionOptions": [], 
                    "datefinished": "Tue Apr 23 2019 16:14:12 GMT+0200 (heure d’été d’Europe centrale)", 
                    "options": {
                        "max": 100, 
                        "type": "number", 
                        "min": 0
                    }
                }, 
                {
                    "code": "orientation_sexuelle", 
                    "subtitle": "Quelle est votre orientation sexuelle ?", 
                    "title": "", 
                    "selItem": "heterosexuel", 
                    "answered": "true", 
                    "answerType": "Radio", 
                    "questionOptions": [
                        {
                            "text": "hétérosexuel(le)", 
                            "checked": "false", 
                            "value": "heterosexuel"
                        }, 
                        {
                            "text": "homosexuel(le)", 
                            "checked": "false", 
                            "value": "homosexuel"
                        }, 
                        {
                            "text": "bi-sexuel(le)", 
                            "checked": "false", 
                            "value": "bi-sexuel"
                        }, 
                        {
                            "text": "autre", 
                            "checked": "false", 
                            "value": "autre"
                        }
                    ], 
                    "datefinished": "Tue Apr 23 2019 16:14:17 GMT+0200 (heure d’été d’Europe centrale)", 
                    "options": {}
                }, 
                {
                    "code": "categorie_socioprofessionnelle", 
                    "subtitle": "Quelle est votre catégorie socio-professionnelle ?", 
                    "title": "", 
                    "selItem": "cadres", 
                    "answered": "true", 
                    "answerType": "Radio", 
                    "questionOptions": [
                        {
                            "text": "agriculteurs exploitants", 
                            "checked": "false", 
                            "value": "agriculteurs"
                        }, 
                        {
                            "text": "artisans, commerçants et chefs d'entreprise", 
                            "checked": "false", 
                            "value": "artisans_commercants_chefs_entreprise"
                        }, 
                        {
                            "text": "cadres et professions intellectuelles supérieures", 
                            "checked": "false", 
                            "value": "cadres"
                        }, 
                        {
                            "text": "professions intermédiaires", 
                            "checked": "false", 
                            "value": "intermediaires"
                        }, 
                        {
                            "text": "employés", 
                            "checked": "false", 
                            "value": "employes"
                        }, 
                        {
                            "text": "ouvriers", 
                            "checked": "false", 
                            "value": "ouvriers"
                        }, 
                        {
                            "text": "étudiants", 
                            "checked": "false", 
                            "value": "étudiants"
                        }, 
                        {
                            "text": "retraités", 
                            "checked": "false", 
                            "value": "retraites"
                        }, 
                        {
                            "text": "sans activité professionnelle", 
                            "checked": "false", 
                            "value": "sans_activite"
                        }, 
                        {
                            "text": "autres", 
                            "checked": "false", 
                            "value": "autres"
                        }
                    ], 
                    "datefinished": "Tue Apr 23 2019 16:14:22 GMT+0200 (heure d’été d’Europe centrale)", 
                    "options": {}
                }, 
                {
                    "code": "revenus", 
                    "subtitle": "Quel est votre niveau de revenu mensuel ?", 
                    "title": "", 
                    "selItem": "sup2500euros", 
                    "answered": "true", 
                    "answerType": "Radio", 
                    "questionOptions": [
                        {
                            "text": "<500 euros", 
                            "checked": "false", 
                            "value": "inf500euros"
                        }, 
                        {
                            "text": " 500-1000 euros", 
                            "checked": "false", 
                            "value": " 500-1000euros"
                        }, 
                        {
                            "text": "1000-1500 euros", 
                            "checked": "false", 
                            "value": "1000-1500euros"
                        }, 
                        {
                            "text": " 1500-2000 euros", 
                            "checked": "false", 
                            "value": " 1500-2000euros"
                        }, 
                        {
                            "text": "2000-2500 euros", 
                            "checked": "false", 
                            "value": "2000-2500euros"
                        }, 
                        {
                            "text": ">2500 euros", 
                            "checked": "false", 
                            "value": "sup2500euros"
                        }, 
                        {
                            "text": "NSP", 
                            "checked": "false", 
                            "value": "NSP"
                        }
                    ], 
                    "datefinished": "Tue Apr 23 2019 16:14:28 GMT+0200 (heure d’été d’Europe centrale)", 
                    "options": {}
                }, 
                {
                    "code": "prestations_sociales", 
                    "subtitle": "Recevez-vous des prestations sociales ?", 
                    "title": "", 
                    "answered": "true", 
                    "answerType": "YesNo", 
                    "questionOptions": [], 
                    "checked": false, 
                    "datefinished": "Tue Apr 23 2019 16:14:30 GMT+0200 (heure d’été d’Europe centrale)", 
                    "options": {
                        "sousquest": [
                            {
                                "code": "prestations_sociales_precisions", 
                                "subtitle": "Laquelle/Lesquelles ?", 
                                "title": "", 
                                "value": "", 
                                "answered": "false", 
                                "answerType": "Input", 
                                "questionOptions": [], 
                                "datefinished": "nan", 
                                "options": {
                                    "type": "text"
                                }
                            }
                        ], 
                        "if": "true"
                    }
                }, 
                {
                    "code": "foyer", 
                    "subtitle": "Vivez-vous :", 
                    "title": "", 
                    "selItem": "couple", 
                    "answered": "true", 
                    "answerType": "Radio", 
                    "questionOptions": [
                        {
                            "text": "seul(e)", 
                            "checked": "false", 
                            "value": "seul"
                        }, 
                        {
                            "text": "en couple", 
                            "checked": "false", 
                            "value": "couple"
                        }, 
                        {
                            "text": "en famille", 
                            "checked": "false", 
                            "value": "famille"
                        }, 
                        {
                            "text": "en collocation", 
                            "checked": "false", 
                            "value": "collocation"
                        }, 
                        {
                            "text": "autre", 
                            "checked": "false", 
                            "value": "autre"
                        }
                    ], 
                    "datefinished": "Tue Apr 23 2019 16:14:36 GMT+0200 (heure d’été d’Europe centrale)", 
                    "options": {}
                }, 
                {
                    "code": "enfants", 
                    "subtitle": "Avez-vous des enfants ?", 
                    "title": "", 
                    "answered": "true", 
                    "answerType": "YesNo", 
                    "questionOptions": [], 
                    "checked": true, 
                    "datefinished": "Tue Apr 23 2019 16:14:44 GMT+0200 (heure d’été d’Europe centrale)", 
                    "options": {
                        "sousquest": [
                            {
                                "code": "enfants_combien", 
                                "subtitle": "Combien ?", 
                                "title": "", 
                                "value": "2", 
                                "answered": "false", 
                                "answerType": "Input", 
                                "questionOptions": [], 
                                "datefinished": "nan", 
                                "options": {
                                    "max": 100, 
                                    "type": "number", 
                                    "min": 0
                                }
                            }, 
                            {
                                "code": "enfants_avec_parent", 
                                "subtitle": "Est-ce que vos enfant(s) vit/vivent avec vous ?", 
                                "title": "", 
                                "selItem": "part", 
                                "answered": "false", 
                                "answerType": "Radio", 
                                "questionOptions": [
                                    {
                                        "text": "tout le temps", 
                                        "checked": "false", 
                                        "value": "tout"
                                    }, 
                                    {
                                        "text": "partiellement (garde partagée)", 
                                        "checked": "false", 
                                        "value": "part"
                                    }, 
                                    {
                                        "text": "jamais", 
                                        "checked": "false", 
                                        "value": "jam"
                                    }
                                ], 
                                "datefinished": "nan", 
                                "options": {}
                            }
                        ], 
                        "if": "true"
                    }
                }, 
                {
                    "code": "beaux_enfants", 
                    "subtitle": "Avez-vous des beaux-enfants ?", 
                    "title": "", 
                    "answered": "true", 
                    "answerType": "YesNo", 
                    "questionOptions": [], 
                    "checked": false, 
                    "datefinished": "Tue Apr 23 2019 16:14:56 GMT+0200 (heure d’été d’Europe centrale)", 
                    "options": {
                        "sousquest": [
                            {
                                "code": "beaux_enfants_combien", 
                                "subtitle": "Combien ?", 
                                "title": "", 
                                "value": "", 
                                "answered": "false", 
                                "answerType": "Input", 
                                "questionOptions": [], 
                                "datefinished": "nan", 
                                "options": {
                                    "max": 100, 
                                    "type": "number", 
                                    "min": 0
                                }
                            }, 
                            {
                                "code": "beaux_enfants_avec_parent", 
                                "subtitle": "Est-ce que le/les enfant(s) de votre conjoint(e) vit/vivent avec vous ?", 
                                "title": "", 
                                "selItem": "", 
                                "answered": "false", 
                                "answerType": "Radio", 
                                "questionOptions": [
                                    {
                                        "text": "tout le temps", 
                                        "checked": "false", 
                                        "value": "tout"
                                    }, 
                                    {
                                        "text": "partiellement (garde partagée)", 
                                        "checked": "false", 
                                        "value": "part"
                                    }, 
                                    {
                                        "text": "jamais", 
                                        "checked": "false", 
                                        "value": "jam"
                                    }
                                ], 
                                "datefinished": "nan", 
                                "options": {}
                            }
                        ], 
                        "if": "true"
                    }
                }, 
                {
                    "code": "maladie_psychiatrique_passe", 
                    "subtitle": "Avez-vous eu par le passé une maladie psychiatrique ?", 
                    "title": "", 
                    "answered": "true", 
                    "answerType": "YesNo", 
                    "questionOptions": [], 
                    "checked": false, 
                    "datefinished": "Tue Apr 23 2019 16:14:59 GMT+0200 (heure d’été d’Europe centrale)", 
                    "options": {
                        "sousquest": [
                            {
                                "code": "maladie_psychiatrique_passe_precisions", 
                                "subtitle": "Laquelle / Lesquelles ?", 
                                "title": "", 
                                "value": "", 
                                "answered": "false", 
                                "answerType": "Input", 
                                "questionOptions": [], 
                                "datefinished": "nan", 
                                "options": {
                                    "type": "text"
                                }
                            }
                        ], 
                        "if": "true"
                    }
                }, 
                {
                    "code": "maladie_psychiatrique_famille", 
                    "subtitle": "Est-ce que des membres de votre famille ont ou ont eu des maladies psychiatriques ?", 
                    "title": "", 
                    "answered": "true", 
                    "answerType": "YesNo", 
                    "questionOptions": [], 
                    "checked": false, 
                    "datefinished": "Tue Apr 23 2019 16:15:01 GMT+0200 (heure d’été d’Europe centrale)", 
                    "options": {
                        "sousquest": [
                            {
                                "code": "maladie_psychiatrique_famille_precisions", 
                                "subtitle": "Quel(s) membre(s) de votre famille a/ont eu quelle(s) maladie(s) ?", 
                                "title": "", 
                                "value": "", 
                                "answered": "false", 
                                "answerType": "Text", 
                                "questionOptions": [], 
                                "datefinished": "nan", 
                                "options": {}
                            }
                        ], 
                        "if": "true"
                    }
                }, 
                {
                    "code": "tentatives_suicide", 
                    "subtitle": "Avez-vous déjà fait une/des tentative(s) de suicide ?", 
                    "title": "", 
                    "answered": "true", 
                    "answerType": "YesNo", 
                    "questionOptions": [], 
                    "checked": true, 
                    "datefinished": "Tue Apr 23 2019 16:15:11 GMT+0200 (heure d’été d’Europe centrale)", 
                    "options": {
                        "sousquest": [
                            {
                                "code": "tentatives_suicide_precisions", 
                                "subtitle": "Combien ?", 
                                "title": "", 
                                "value": "2", 
                                "answered": "false", 
                                "answerType": "Input", 
                                "questionOptions": [], 
                                "datefinished": "nan", 
                                "options": {
                                    "max": 100, 
                                    "type": "number", 
                                    "min": 0
                                }
                            }
                        ], 
                        "if": "true"
                    }
                }, 
                {
                    "code": "tentatives_suicide_famille", 
                    "subtitle": "Est-ce que des membres de votre famille ont fait une/ des tentative(s) de suicide ?", 
                    "title": "", 
                    "answered": "true", 
                    "answerType": "YesNo", 
                    "questionOptions": [], 
                    "checked": false, 
                    "datefinished": "Tue Apr 23 2019 16:15:14 GMT+0200 (heure d’été d’Europe centrale)", 
                    "options": {
                        "sousquest": [
                            {
                                "code": "tentatives_suicide_famille_precisions", 
                                "subtitle": "Qui ?", 
                                "title": "", 
                                "value": "", 
                                "answered": "false", 
                                "answerType": "Input", 
                                "questionOptions": [], 
                                "datefinished": "nan", 
                                "options": {
                                    "type": "text"
                                }
                            }
                        ], 
                        "if": "true"
                    }
                }, 
                {
                    "code": "agitation_tension_emotionnelle", 
                    "subtitle": "À partir de quel niveau de tension émotionnelle vous sentez-vous en détresse ?", 
                    "title": "", 
                    "required": true, 
                    "value": 7, 
                    "answered": "true", 
                    "answerType": "Range", 
                    "questionOptions": [], 
                    "datefinished": "Tue Apr 23 2019 16:15:32 GMT+0200 (heure d’été d’Europe centrale)", 
                    "options": {
                        "max": 10, 
                        "maxLabel": "", 
                        "minLabel": "", 
                        "min": 0
                    }
                }
            ]
        }, 
        {
            "status": "answered", 
            "img": "assets/img/iconsnew/ques/emma.png", 
            "_rev": "2-c5797f5cd0df42bda9cd124fe098274a", 
            "datedue": "2019-04-26T16:15:00.000Z", 
            "prog": 264, 
            "notificationId": 14, 
            "denom": "Quotidien", 
            "freq": "fourth", 
            "_id": "6487d912-4abe-4127-b22e-12937ed78c1b", 
            "type": "EMMA", 
            "datefinished": "Fri Apr 26 2019 18:54:42 GMT+0200 (heure d’été d’Europe centrale)", 
            "dataquestionnaire": [
                {
                    "code": "matin_bien_dormi", 
                    "subtitle": "Avez-vous bien dormi ?", 
                    "title": "", 
                    "graph": true, 
                    "required": true, 
                    "value": 0, 
                    "answered": "notfreq", 
                    "answerType": "Range", 
                    "questionOptions": [], 
                    "datefinished": "nan", 
                    "options": {
                        "min": 0, 
                        "max": 10, 
                        "sousquest": [
                            {
                                "code": "matin_mal_dormi_cause", 
                                "subtitle": "À cause de quoi ?", 
                                "title": "", 
                                "selItem": "", 
                                "answered": "false", 
                                "answerType": "Radio", 
                                "questionOptions": [
                                    {
                                        "text": "j'ai fait des cauchemars", 
                                        "checked": "false", 
                                        "value": "cauchemars"
                                    }, 
                                    {
                                        "text": "je me faisais du souci", 
                                        "checked": "false", 
                                        "value": "souci"
                                    }, 
                                    {
                                        "text": "je n'avais pas sommeil", 
                                        "checked": "false", 
                                        "value": "pas_sommeil"
                                    }, 
                                    {
                                        "text": "j'avais des douleurs physiques", 
                                        "checked": "false", 
                                        "value": "douleurs"
                                    }, 
                                    {
                                        "text": "autre", 
                                        "checked": "false", 
                                        "value": "autre"
                                    }
                                ], 
                                "datefinished": "nan", 
                                "options": {
                                    "cond": "first"
                                }
                            }
                        ], 
                        "cond": "first", 
                        "minLabel": "Très mal", 
                        "maxLabel": "Très bien", 
                        "if": "4"
                    }
                }, 
                {
                    "code": "q5_emma_douleur_morale", 
                    "subtitle": "Quel est votre niveau de douleur psychologique <strong>maintenant</strong> ?", 
                    "title": "", 
                    "required": true, 
                    "value": 6, 
                    "answered": "true", 
                    "answerType": "Range", 
                    "questionOptions": [], 
                    "datefinished": "Fri Apr 26 2019 18:53:21 GMT+0200 (heure d’été d’Europe centrale)", 
                    "options": {
                        "min": 0, 
                        "max": 10, 
                        "sousquest": [
                            {
                                "code": "douleurs_psy_tolerance", 
                                "subtitle": "À quel point avez-vous trouvé cette douleur tolérable ?", 
                                "title": "", 
                                "value": 5, 
                                "answered": "false", 
                                "answerType": "Range", 
                                "questionOptions": [], 
                                "datefinished": "nan", 
                                "options": {
                                    "max": 10, 
                                    "maxLabel": "Tout à fait tolérable", 
                                    "minLabel": "Pas du tout tolérable", 
                                    "min": 0
                                }
                            }, 
                            {
                                "code": "intensite_idee_suicide", 
                                "subtitle": "Quelle est l'intensité de vos idées de suicide <strong>maintenant</strong> ?", 
                                "title": "", 
                                "value": 3, 
                                "answered": "false", 
                                "answerType": "Range", 
                                "questionOptions": [], 
                                "datefinished": "nan", 
                                "options": {
                                    "max": 10, 
                                    "maxLabel": "", 
                                    "minLabel": "", 
                                    "min": 0
                                }
                            }, 
                            {
                                "code": "intensite_intention_suicide", 
                                "subtitle": "Quelle est l'intensité de votre intention de vous tuer ?", 
                                "title": "", 
                                "value": 1, 
                                "answered": "false", 
                                "answerType": "Range", 
                                "questionOptions": [], 
                                "datefinished": "nan", 
                                "options": {
                                    "max": 10, 
                                    "maxLabel": "", 
                                    "minLabel": "", 
                                    "min": 0
                                }
                            }
                        ], 
                        "maxLabel": "Extrême", 
                        "minLabel": "Nul", 
                        "if": "5"
                    }
                }, 
                {
                    "code": "q8_emma_agitation", 
                    "subtitle": "Quel est votre niveau d'agitation ou de tension émotionnelle ?", 
                    "title": "", 
                    "required": true, 
                    "value": 2, 
                    "answered": "true", 
                    "answerType": "Range", 
                    "questionOptions": [], 
                    "datefinished": "Fri Apr 26 2019 18:53:32 GMT+0200 (heure d’été d’Europe centrale)", 
                    "options": {
                        "max": 10, 
                        "maxLabel": "Extrême", 
                        "minLabel": "Nul", 
                        "min": 0
                    }
                }, 
                {
                    "code": "bien_etre", 
                    "subtitle": "Quel est votre niveau de bien-être <strong>maintenant</strong> ?", 
                    "title": "", 
                    "value": 7, 
                    "answered": "true", 
                    "answerType": "Range", 
                    "questionOptions": [], 
                    "datefinished": "Fri Apr 26 2019 18:53:40 GMT+0200 (heure d’été d’Europe centrale)", 
                    "options": {
                        "max": 10, 
                        "maxLabel": "Extrême", 
                        "minLabel": "Nul", 
                        "min": 0
                    }
                }, 
                {
                    "code": "q10_emma_faire", 
                    "subtitle": "J'étais en train de :", 
                    "title": "Qu'étiez-vous en train de faire ?", 
                    "answered": "true", 
                    "answerType": "Checkbox", 
                    "questionOptions": [
                        {
                            "text": "m'occuper pour ne pas penser", 
                            "checked": "false", 
                            "value": "m_occuper"
                        }, 
                        {
                            "text": "ne rien faire", 
                            "checked": "false", 
                            "value": "rien_faire"
                        }, 
                        {
                            "text": "ruminer, essayer de penser à autre chose", 
                            "checked": "false", 
                            "value": "ruminer"
                        }, 
                        {
                            "text": "faire une activité qui me plaît ou qui a du sens pour moi", 
                            "checked": "false", 
                            "value": "activite"
                        }, 
                        {
                            "text": "travailler", 
                            "checked": "false", 
                            "value": "travailler"
                        }, 
                        {
                            "text": "faire des tâches ménagères", 
                            "checked": "false", 
                            "value": "taches_menageres"
                        }, 
                        {
                            "text": "autre", 
                            "checked": true, 
                            "value": "autre"
                        }
                    ], 
                    "datefinished": "Fri Apr 26 2019 18:53:57 GMT+0200 (heure d’été d’Europe centrale)", 
                    "options": {}
                }, 
                {
                    "code": "lieu", 
                    "subtitle": "", 
                    "title": "Où êtes-vous en ce moment ?", 
                    "selItem": "autre", 
                    "answered": "true", 
                    "answerType": "Radio", 
                    "questionOptions": [
                        {
                            "text": "chez moi", 
                            "checked": "false", 
                            "value": "chez_moi"
                        }, 
                        {
                            "text": "chez mon/ma partenaire", 
                            "checked": "false", 
                            "value": "chez_partenaire"
                        }, 
                        {
                            "text": "chez mes parents ou ma famille", 
                            "checked": "false", 
                            "value": "famille"
                        }, 
                        {
                            "text": "chez mes amis", 
                            "checked": "false", 
                            "value": "amis"
                        }, 
                        {
                            "text": "à mon travail", 
                            "checked": "false", 
                            "value": "travail"
                        }, 
                        {
                            "text": "en classe", 
                            "checked": "false", 
                            "value": "classe"
                        }, 
                        {
                            "text": "en déplacement (transports en communs...)", 
                            "checked": "false", 
                            "value": "deplacement"
                        }, 
                        {
                            "text": "à l'intérieur (maison...)", 
                            "checked": "false", 
                            "value": "interieur"
                        }, 
                        {
                            "text": "à l'extérieur (jardin...)", 
                            "checked": "false", 
                            "value": "exterieur"
                        }, 
                        {
                            "text": "autre", 
                            "checked": "false", 
                            "value": "autre"
                        }
                    ], 
                    "datefinished": "Fri Apr 26 2019 18:54:08 GMT+0200 (heure d’été d’Europe centrale)", 
                    "options": {}
                }, 
                {
                    "code": "entourage", 
                    "subtitle": "", 
                    "title": "Qui est avec vous <strong>maintenant</strong> ?", 
                    "answered": "true", 
                    "answerType": "Checkbox", 
                    "questionOptions": [
                        {
                            "text": "personne, je suis seul(e)", 
                            "checked": "false", 
                            "value": "personne"
                        }, 
                        {
                            "text": "famille", 
                            "checked": "false", 
                            "value": "famille"
                        }, 
                        {
                            "text": "amis", 
                            "checked": "false", 
                            "value": "amis"
                        }, 
                        {
                            "text": "partenaire/petit(e) ami(e)", 
                            "checked": true, 
                            "value": "partenaire"
                        }, 
                        {
                            "text": "collègue(s) de travail", 
                            "checked": "false", 
                            "value": "collegues"
                        }, 
                        {
                            "text": "étudiants", 
                            "checked": "false", 
                            "value": "etudiants"
                        }, 
                        {
                            "text": "des inconnus", 
                            "checked": "false", 
                            "value": "inconnus"
                        }, 
                        {
                            "text": "un ou des animaux (chien, ...)", 
                            "checked": "false", 
                            "value": "animaux"
                        }, 
                        {
                            "text": "autre", 
                            "checked": "false", 
                            "value": "autre"
                        }
                    ], 
                    "datefinished": "Fri Apr 26 2019 18:54:15 GMT+0200 (heure d’été d’Europe centrale)", 
                    "options": {}
                }, 
                {
                    "code": "evenement", 
                    "subtitle": "Quel a été l'événement ou l'expérience qui vous a le plus affecté(e) depuis ce matin ?", 
                    "title": "", 
                    "value": "", 
                    "answered": "notfreq", 
                    "answerType": "Text", 
                    "questionOptions": [], 
                    "datefinished": "nan", 
                    "options": {
                        "cond": "first"
                    }
                }, 
                {
                    "code": "evenement", 
                    "subtitle": "Quel a été l'événement ou l'expérience qui vous a le plus affecté(e)depuis la dernière fois que vous avez répondu au questionnaire ?", 
                    "title": "", 
                    "value": "", 
                    "answered": "ignored", 
                    "answerType": "Text", 
                    "questionOptions": [], 
                    "datefinished": "nan", 
                    "options": {
                        "condnot": "first"
                    }
                }, 
                {
                    "code": "evenement_relationnel", 
                    "subtitle": "Cet événement était-il relationnel ?", 
                    "title": "", 
                    "answered": "ignored", 
                    "answerType": "YesNo", 
                    "questionOptions": [], 
                    "checked": false, 
                    "datefinished": "nan", 
                    "options": {
                        "sousquest": [
                            {
                                "code": "evenement_contact", 
                                "subtitle": "Qui cela a t-il impliqué ?", 
                                "title": "", 
                                "value": "", 
                                "answered": "false", 
                                "answerType": "Contact", 
                                "questionOptions": [], 
                                "datefinished": "nan", 
                                "options": {}
                            }, 
                            {
                                "code": "evenement_heure", 
                                "subtitle": "À quel moment cela s'est-il passé ? ", 
                                "title": "", 
                                "value": "00:00", 
                                "answered": "false", 
                                "answerType": "Time", 
                                "questionOptions": [], 
                                "datefinished": "nan", 
                                "options": {}
                            }
                        ], 
                        "if": "true"
                    }
                }, 
                {
                    "code": "q18_evenement_impact", 
                    "subtitle": "", 
                    "title": "Quel impact cet événement a-t-il eu sur vous ?", 
                    "value": 0, 
                    "answered": "ignored", 
                    "answerType": "Range", 
                    "questionOptions": [], 
                    "datefinished": "nan", 
                    "options": {
                        "min": -5, 
                        "max": 5, 
                        "sousquest": [
                            {
                                "code": "q19_evenement_impact_envie", 
                                "subtitle": "Cela m'a donné envie de :", 
                                "title": "", 
                                "answered": "false", 
                                "answerType": "Checkbox", 
                                "questionOptions": [
                                    {
                                        "text": "faire quelque chose de plaisant pour moi", 
                                        "checked": "false", 
                                        "value": "plaisant"
                                    }, 
                                    {
                                        "text": "me faire du mal", 
                                        "checked": "false", 
                                        "value": "me_faire_du_mal"
                                    }, 
                                    {
                                        "text": "boire de l'alcool", 
                                        "checked": "false", 
                                        "value": "boire_de_lalcool"
                                    }, 
                                    {
                                        "text": "prendre des toxiques", 
                                        "checked": "false", 
                                        "value": "prendre_des_toxiques"
                                    }, 
                                    {
                                        "text": "fumer du cannabis", 
                                        "checked": "false", 
                                        "value": "fumer_du_cannabis"
                                    }, 
                                    {
                                        "text": "prendre des calmants", 
                                        "checked": "false", 
                                        "value": "prendre_des_calmants"
                                    }, 
                                    {
                                        "text": "me remplir de nourriture ", 
                                        "checked": "false", 
                                        "value": "me_remplir_de_nourriture "
                                    }
                                ], 
                                "datefinished": "nan"
                            }, 
                            {
                                "code": "q21_me_faire_mal_metuer", 
                                "subtitle": "me tuer", 
                                "title": "", 
                                "value": 0, 
                                "answered": "false", 
                                "answerType": "Range", 
                                "questionOptions": [], 
                                "datefinished": "nan", 
                                "options": {
                                    "max": 10, 
                                    "maxLabel": "", 
                                    "minLabel": "", 
                                    "min": 0
                                }
                            }, 
                            {
                                "code": "besoins_imperieux_2", 
                                "subtitle": "me couper/me scarifier", 
                                "title": "", 
                                "value": 0, 
                                "answered": "false", 
                                "answerType": "Range", 
                                "questionOptions": [], 
                                "datefinished": "nan", 
                                "options": {
                                    "max": 10, 
                                    "maxLabel": "", 
                                    "minLabel": "", 
                                    "min": 0
                                }
                            }, 
                            {
                                "code": "besoins_imperieux_3", 
                                "subtitle": "me brûler", 
                                "title": "", 
                                "value": 0, 
                                "answered": "false", 
                                "answerType": "Range", 
                                "questionOptions": [], 
                                "datefinished": "nan", 
                                "options": {
                                    "max": 10, 
                                    "maxLabel": "", 
                                    "minLabel": "", 
                                    "min": 0
                                }
                            }, 
                            {
                                "code": "besoins_imperieux_4", 
                                "subtitle": "me frapper", 
                                "title": "", 
                                "value": 0, 
                                "answered": "false", 
                                "answerType": "Range", 
                                "questionOptions": [], 
                                "datefinished": "nan", 
                                "options": {
                                    "max": 10, 
                                    "maxLabel": "", 
                                    "minLabel": "", 
                                    "min": 0
                                }
                            }, 
                            {
                                "code": "besoins_imperieux_5", 
                                "subtitle": "autre", 
                                "title": "", 
                                "value": 0, 
                                "answered": "false", 
                                "answerType": "Range", 
                                "questionOptions": [], 
                                "datefinished": "nan", 
                                "options": {
                                    "max": 10, 
                                    "maxLabel": "", 
                                    "minLabel": "", 
                                    "min": 0
                                }
                            }
                        ], 
                        "maxLabel": "extrêmement positif", 
                        "minLabel": "extrêmement négatif", 
                        "if": "0"
                    }
                }, 
                {
                    "code": "pensees_interpretation", 
                    "subtitle": "", 
                    "title": "Quelles sont vos interprétations de cet événement ? Que vous dites-vous sur cette situation ?", 
                    "value": "", 
                    "answered": "ignored", 
                    "answerType": "Text", 
                    "questionOptions": [], 
                    "datefinished": "nan", 
                    "options": {}
                }, 
                {
                    "code": "jour_qualite_appetit", 
                    "subtitle": "Comment est votre appétit aujourd'hui ?", 
                    "title": "", 
                    "value": 0, 
                    "answered": "notfreq", 
                    "answerType": "Range", 
                    "questionOptions": [], 
                    "datefinished": "nan", 
                    "options": {
                        "max": 10, 
                        "cond": "last", 
                        "minLabel": "Très mauvaise", 
                        "maxLabel": "Excellente", 
                        "min": 0
                    }
                }, 
                {
                    "code": "soir_douleurs_physiques", 
                    "subtitle": "Avez-vous eu des douleurs physiques aujourd'hui ?", 
                    "title": "", 
                    "value": 0, 
                    "answered": "notfreq", 
                    "answerType": "Range", 
                    "questionOptions": [], 
                    "datefinished": "nan", 
                    "options": {
                        "min": 0, 
                        "max": 10, 
                        "sousquest": [
                            {
                                "code": "soir_douleurs_physiques_tolerance", 
                                "subtitle": "À quel point avez-vous trouvé cette douleur tolérable ?", 
                                "title": "", 
                                "value": 0, 
                                "answered": "false", 
                                "answerType": "Range", 
                                "questionOptions": [], 
                                "datefinished": "nan", 
                                "options": {
                                    "max": 10, 
                                    "maxLabel": "Tout à fait tolérable", 
                                    "minLabel": "Pas du tout tolérable", 
                                    "min": 0
                                }
                            }
                        ], 
                        "cond": "last", 
                        "minLabel": "Pas du tout", 
                        "maxLabel": "Beaucoup", 
                        "if": "5"
                    }
                }, 
                {
                    "code": "ressentis_sentiments", 
                    "subtitle": "Que ressentez-vous en vous en ce moment ?", 
                    "title": "", 
                    "answered": "notfreq", 
                    "answerType": "Checkbox", 
                    "questionOptions": [
                        {
                            "text": "je suis un fardeau pour les autres", 
                            "checked": "false", 
                            "value": "fardeau"
                        }, 
                        {
                            "text": "je suis sans espoir", 
                            "checked": "false", 
                            "value": "sans_espoir"
                        }, 
                        {
                            "text": "j'ai échoué", 
                            "checked": "false", 
                            "value": "echec"
                        }, 
                        {
                            "text": "colère/irritabilité ", 
                            "checked": "false", 
                            "value": "col"
                        }, 
                        {
                            "text": "tristesse", 
                            "checked": "false", 
                            "value": "trit"
                        }, 
                        {
                            "text": "honte/humiliation", 
                            "checked": "false", 
                            "value": "honte"
                        }, 
                        {
                            "text": "peur/Anxiété ", 
                            "checked": "false", 
                            "value": "peur"
                        }, 
                        {
                            "text": "dégoût", 
                            "checked": "false", 
                            "value": "deg"
                        }, 
                        {
                            "text": "joie/plaisir", 
                            "checked": "false", 
                            "value": "joie"
                        }, 
                        {
                            "text": "culpabilité", 
                            "checked": "false", 
                            "value": "culp"
                        }, 
                        {
                            "text": "intérêt/curiosité", 
                            "checked": "false", 
                            "value": "int"
                        }, 
                        {
                            "text": "surprise", 
                            "checked": "false", 
                            "value": "echec"
                        }, 
                        {
                            "text": "ennui/vide", 
                            "checked": "false", 
                            "value": "ennui"
                        }, 
                        {
                            "text": "sérénité", 
                            "checked": "false", 
                            "value": "ser"
                        }, 
                        {
                            "text": "espoir", 
                            "checked": "false", 
                            "value": "espoir"
                        }, 
                        {
                            "text": "fierté", 
                            "checked": "false", 
                            "value": "fiert"
                        }, 
                        {
                            "text": "amour", 
                            "checked": "false", 
                            "value": "amour"
                        }
                    ], 
                    "datefinished": "nan", 
                    "options": {
                        "cond": "last"
                    }
                }, 
                {
                    "code": "soir_activite_importante", 
                    "subtitle": "Aujourd'hui, est-ce que avez fait quelque chose d'important pour vous ?", 
                    "title": "", 
                    "answered": "notfreq", 
                    "answerType": "YesNo", 
                    "questionOptions": [], 
                    "checked": false, 
                    "datefinished": "nan", 
                    "options": {
                        "cond": "last", 
                        "sousquest": [
                            {
                                "code": "soir_activites", 
                                "subtitle": "", 
                                "title": "", 
                                "answered": "false", 
                                "answerType": "Checkbox", 
                                "questionOptions": [
                                    {
                                        "text": "j'ai fait du sport", 
                                        "checked": "false", 
                                        "value": "sport"
                                    }, 
                                    {
                                        "text": "j'ai vu ma famille / mes amis", 
                                        "checked": "false", 
                                        "value": "famille/amis"
                                    }, 
                                    {
                                        "text": "je me suis promené(e)", 
                                        "checked": "false", 
                                        "value": "promenade"
                                    }, 
                                    {
                                        "text": "j'ai lu", 
                                        "checked": "false", 
                                        "value": "lecture"
                                    }, 
                                    {
                                        "text": "j'ai regardé un film", 
                                        "checked": "false", 
                                        "value": "film"
                                    }, 
                                    {
                                        "text": "j'ai eu des relations sexuelles", 
                                        "checked": "false", 
                                        "value": "relations_sexuelles"
                                    }, 
                                    {
                                        "text": "j'ai joué", 
                                        "checked": "false", 
                                        "value": "jeu"
                                    }, 
                                    {
                                        "text": "autre", 
                                        "checked": "false", 
                                        "value": "autre"
                                    }
                                ], 
                                "datefinished": "nan", 
                                "options": {}
                            }
                        ], 
                        "if": "true"
                    }
                }, 
                {
                    "code": "soir_faire_du_mal", 
                    "subtitle": "Aujourd'hui, est-ce que vous vous êtes fait du mal ?", 
                    "title": "", 
                    "answered": "notfreq", 
                    "answerType": "YesNo", 
                    "questionOptions": [], 
                    "checked": false, 
                    "datefinished": "nan", 
                    "options": {
                        "cond": "last", 
                        "sousquest": [
                            {
                                "code": "soir_faire_du_mal_comment", 
                                "subtitle": "", 
                                "title": "", 
                                "answered": "false", 
                                "answerType": "Checkbox", 
                                "questionOptions": [
                                    {
                                        "text": "je me suis scarifié(e) ou brûlé(e)", 
                                        "checked": "false", 
                                        "value": "scarifie_brule"
                                    }, 
                                    {
                                        "text": "j'ai essayé de me tuer", 
                                        "checked": "false", 
                                        "value": "tentative_tuer"
                                    }, 
                                    {
                                        "text": "j'ai bu une grande quantité d'alcool", 
                                        "checked": "false", 
                                        "value": "alcool"
                                    }, 
                                    {
                                        "text": "je me suis rempli(e) de nourriture", 
                                        "checked": "false", 
                                        "value": "nourriture"
                                    }, 
                                    {
                                        "text": "j'ai pris des toxiques", 
                                        "checked": "false", 
                                        "value": "toxiques"
                                    }, 
                                    {
                                        "text": "j'ai fumé du cannabis", 
                                        "checked": "false", 
                                        "value": "cannabis"
                                    }, 
                                    {
                                        "text": "j'ai pris des calmants", 
                                        "checked": "false", 
                                        "value": "calmants"
                                    }, 
                                    {
                                        "text": "autre", 
                                        "checked": "false", 
                                        "value": "autre"
                                    }
                                ], 
                                "datefinished": "nan", 
                                "options": {}
                            }
                        ], 
                        "if": "true"
                    }
                }, 
                {
                    "code": "soir_conflits", 
                    "subtitle": "Avez-vous vécu des conflits aujourd'hui ?", 
                    "title": "", 
                    "answered": "notfreq", 
                    "answerType": "YesNo", 
                    "questionOptions": [], 
                    "checked": false, 
                    "datefinished": "nan", 
                    "options": {
                        "cond": "last", 
                        "sousquest": [
                            {
                                "code": "soir_conflits_type", 
                                "subtitle": "", 
                                "title": "", 
                                "answered": "false", 
                                "answerType": "Checkbox", 
                                "questionOptions": [
                                    {
                                        "text": "familiaux", 
                                        "checked": "false", 
                                        "value": "familiaux"
                                    }, 
                                    {
                                        "text": "amicaux", 
                                        "checked": "false", 
                                        "value": "amicaux"
                                    }, 
                                    {
                                        "text": "professionnels", 
                                        "checked": "false", 
                                        "value": "professionnels"
                                    }
                                ], 
                                "datefinished": "nan", 
                                "options": {}
                            }
                        ], 
                        "if": "true"
                    }
                }, 
                {
                    "code": "soir_conflits_reaction", 
                    "subtitle": "Comment avez-vous réagi ?", 
                    "title": "", 
                    "value": "", 
                    "answered": "notfreq", 
                    "answerType": "Text", 
                    "questionOptions": [], 
                    "datefinished": "nan", 
                    "options": {
                        "cond": "last"
                    }
                }, 
                {
                    "code": "soir_bien", 
                    "subtitle": "Qu’est ce que vous avez fait de bien aujourd’hui ?", 
                    "title": "", 
                    "value": "", 
                    "answered": "notfreq", 
                    "answerType": "Text", 
                    "questionOptions": [], 
                    "datefinished": "nan", 
                    "options": {
                        "cond": "last"
                    }
                }, 
                {
                    "code": "soir_ressenti", 
                    "subtitle": "Comment vous sentez-vous ?", 
                    "title": "", 
                    "value": 0, 
                    "answered": "notfreq", 
                    "answerType": "Range", 
                    "questionOptions": [], 
                    "datefinished": "nan", 
                    "options": {
                        "max": 10, 
                        "cond": "last", 
                        "minLabel": "Très mal", 
                        "maxLabel": "Très bien", 
                        "min": 0
                    }
                }, 
                {
                    "code": "soir_faire_souhait", 
                    "subtitle": "Avez-vous pu faire ce que vous souhaitiez aujourd’hui ?", 
                    "title": "", 
                    "answered": "notfreq", 
                    "answerType": "YesNo", 
                    "questionOptions": [], 
                    "checked": false, 
                    "datefinished": "nan", 
                    "options": {
                        "cond": "last", 
                        "sousquest": [
                            {
                                "code": "soir_faire_souhait_pourquoi", 
                                "subtitle": "Pourquoi selon vous ?", 
                                "title": "", 
                                "value": "", 
                                "answered": "false", 
                                "answerType": "Text", 
                                "questionOptions": [], 
                                "datefinished": "nan", 
                                "options": {}
                            }
                        ], 
                        "if": "false"
                    }
                }, 
                {
                    "code": "soir_traitement", 
                    "subtitle": "Si vous avez des traitements, les avez-vous bien pris aujourd'hui ?", 
                    "title": "", 
                    "graph": true, 
                    "required": true, 
                    "answered": "notfreq", 
                    "answerType": "YesNo", 
                    "questionOptions": [], 
                    "checked": false, 
                    "datefinished": "nan", 
                    "options": {
                        "cond": "last", 
                        "sousquest": [
                            {
                                "code": "soir_traitement_benefique", 
                                "subtitle": "Est-ce que vous avez l'impression que ça vous a été bénéfique ?", 
                                "title": "", 
                                "answered": "false", 
                                "answerType": "YesNo", 
                                "questionOptions": [], 
                                "checked": false, 
                                "datefinished": "nan", 
                                "options": {}
                            }
                        ], 
                        "if": "true"
                    }
                }, 
                {
                    "code": "soir_bonne_journee", 
                    "subtitle": "Avez-vous passé une bonne journée ?", 
                    "title": "", 
                    "graph": true, 
                    "required": true, 
                    "value": 0, 
                    "answered": "notfreq", 
                    "answerType": "Range", 
                    "questionOptions": [], 
                    "datefinished": "nan", 
                    "options": {
                        "max": 10, 
                        "cond": "last", 
                        "minLabel": "Très mauvaise", 
                        "maxLabel": "Excellente", 
                        "min": 0
                    }
                }, 
                {
                    "code": "autrui_connect", 
                    "subtitle": "À combien vous êtes-vous senti connecté avec autrui aujourd'hui ?", 
                    "title": "", 
                    "value": 0, 
                    "answered": "notfreq", 
                    "answerType": "Range", 
                    "questionOptions": [], 
                    "datefinished": "nan", 
                    "options": {
                        "max": 10, 
                        "cond": "last", 
                        "minLabel": "", 
                        "maxLabel": "", 
                        "min": 0
                    }
                }, 
                {
                    "code": "soir_humeur", 
                    "subtitle": "Évaluez votre humeur de la journée", 
                    "title": "", 
                    "graph": true, 
                    "required": true, 
                    "value": 0, 
                    "answered": "notfreq", 
                    "answerType": "Range", 
                    "questionOptions": [], 
                    "datefinished": "nan", 
                    "options": {
                        "max": 10, 
                        "cond": "last", 
                        "minLabel": "Extrêment déprimée", 
                        "maxLabel": "Normale", 
                        "min": -10
                    }
                }, 
                {
                    "code": "soir_journee_vs_prevu", 
                    "subtitle": "Votre journée s'est-elle déroulée mieux ou moins bien que prévu ?", 
                    "title": "", 
                    "value": 0, 
                    "answered": "notfreq", 
                    "answerType": "Range", 
                    "questionOptions": [], 
                    "datefinished": "nan", 
                    "options": {
                        "max": 10, 
                        "cond": "last", 
                        "minLabel": "Moins bien", 
                        "maxLabel": "Mieux", 
                        "min": 0
                    }
                }, 
                {
                    "code": "soir_choses_positives", 
                    "subtitle": "Quelles ont été les choses positives aujourd'hui ?", 
                    "title": "", 
                    "value": "", 
                    "answered": "notfreq", 
                    "answerType": "Text", 
                    "questionOptions": [], 
                    "datefinished": "nan", 
                    "options": {
                        "cond": "last"
                    }
                }, 
                {
                    "code": "soir_liste_mieux_que_prevu", 
                    "subtitle": "Listez les choses que votre mental vous avait prédit qui se passeraient mal, et qui se sont finalement mieux passées que prévu.", 
                    "title": "", 
                    "value": "", 
                    "answered": "notfreq", 
                    "answerType": "Text", 
                    "questionOptions": [], 
                    "datefinished": "nan", 
                    "options": {
                        "cond": "last"
                    }
                }
            ]
        }
    ]
}