{
    "items": [
        {
            "type": "notifTime", 
            "_rev": "2-54096237f6c8410283d9f62f7f087119", 
            "_id": "03cfbbc7-a749-4785-b994-44c19d07ddf3", 
            "notifstart": "2019-02-27T10:00:02.616Z", 
            "notifend": "2019-02-27T20:00:02.616Z"
        }, 
        {
            "tel": "+33760647978", 
            "name": "Maman 💕", 
            "img": "", 
            "_rev": "1-4512fb80d06f4c739c46d7b1a3208bd9", 
            "_id": "15b72664-c25c-4b7a-a074-8a7e91f85cd6", 
            "type": "persUrg"
        }, 
        {
            "name": "Faire quelque chose d'artistique", 
            "val": 13, 
            "_rev": "1-f25f6362265145a883a31dac82b6ec89", 
            "suggitem": true, 
            "_id": "3adaa1c8-4186-470c-aa6d-8db696ae808f", 
            "type": "activ"
        }, 
        {
            "name": "Aller à une fête", 
            "val": 15, 
            "_rev": "1-8fdc89ff5e4f4781b22eb534f1af1f59", 
            "suggitem": true, 
            "_id": "4eaaef87-f72f-485b-9788-3d1585e2a12f", 
            "type": "activ"
        }, 
        {
            "tel": "+33760647978", 
            "name": "", 
            "_rev": "1-6e1cf94de3a244eeb5bca76f718358d0", 
            "rel": {
                "q1": 7, 
                "q3": 10, 
                "q2": 10, 
                "q5": "", 
                "q4": 10
            }, 
            "_id": "545bf155-7f5f-4a6b-9ff3-32e3eb52d216", 
            "type": "relation"
        }, 
        {
            "tel": "0770750635", 
            "name": "Mina", 
            "img": "", 
            "_rev": "1-fede5e8623f341c59c87060f6ba525ed", 
            "_id": "6df2834c-711d-4272-b8ed-ef50c1b6e770", 
            "type": "persPlace"
        }, 
        {
            "tel": "+33760647978", 
            "name": "Maman 💕", 
            "img": "", 
            "_rev": "1-b21df3ad0f7e405885508a0e47a9b9fd", 
            "_id": "8555b7fe-3524-4293-8df7-7cf84ace0506", 
            "type": "persImp"
        }, 
        {
            "name": "Écrire, peindre", 
            "val": 16, 
            "_rev": "1-7aa67dbcc3bb4cf0ba44977979177d1c", 
            "suggitem": true, 
            "_id": "907d8f28-b644-4705-acae-b9f27e3a76d8", 
            "type": "activ"
        }, 
        {
            "name": "Écouter de la musique, la radio", 
            "val": 5, 
            "_rev": "1-e0654a8735c543cc90d61d8b5541f647", 
            "suggitem": true, 
            "_id": "94f454e1-30e9-46e6-a3cc-f18622582fa1", 
            "type": "activ"
        }, 
        {
            "name": "Prendre un bain", 
            "val": 1, 
            "_rev": "1-62100a008897443db9a0c0ae9b3187a7", 
            "suggitem": true, 
            "_id": "ae0f875d-c32f-41b2-8d8b-f28134d68a1c", 
            "type": "activ"
        }, 
        {
            "name": "Discuter", 
            "val": 10, 
            "_rev": "1-6c7b9fe2456e4d3db10ddecadd05c9df", 
            "suggitem": true, 
            "_id": "de2770c7-1fc1-4fb2-a889-656f2b1a4ecb", 
            "type": "activ"
        }
    ], 
    "logs": [
        {
            "IDuser": "mgl33", 
            "action": "login", 
            "data": "2019-03-04T03:03:11.437Z"
        }, 
        {
            "IDuser": "mgl33", 
            "action": "login", 
            "data": "2019-03-02T18:05:11.814Z"
        }, 
        {
            "IDuser": "mgl33", 
            "action": "login", 
            "data": "2019-03-09T16:43:32.209Z"
        }
    ], 
    "quests": [
        {
            "status": "answered", 
            "img": "assets/img/iconsnew/ques/socio.png", 
            "_rev": "1-d700f9f81393408989d607494fa160b2", 
            "datedue": "Wed Feb 27 2019 13:23:14 GMT+0100 (CET)", 
            "denom": "Socio-démographique", 
            "freq": "none", 
            "_id": "494e97e1-4f92-43ca-94f2-ea7b41472129", 
            "type": "Socio-démographique", 
            "datefinished": "Wed Feb 27 2019 13:24:59 GMT+0100 (CET)", 
            "dataquestionnaire": [
                {
                    "code": "age", 
                    "subtitle": "Quel âge avez-vous ?", 
                    "title": "", 
                    "value": "18", 
                    "answered": "true", 
                    "answerType": "Input", 
                    "questionOptions": [], 
                    "datefinished": "Wed Feb 27 2019 13:23:23 GMT+0100 (CET)", 
                    "options": {
                        "max": 100, 
                        "type": "number", 
                        "min": 0
                    }
                }, 
                {
                    "code": "orientation_sexuelle", 
                    "subtitle": "Quelle est votre orientation sexuelle ?", 
                    "title": "", 
                    "selItem": "bi-sexuel", 
                    "answered": "true", 
                    "answerType": "Radio", 
                    "questionOptions": [
                        {
                            "text": "hétérosexuel(le)", 
                            "checked": "false", 
                            "value": "heterosexuel"
                        }, 
                        {
                            "text": "homosexuel(le)", 
                            "checked": "false", 
                            "value": "homosexuel"
                        }, 
                        {
                            "text": "bi-sexuel(le)", 
                            "checked": "false", 
                            "value": "bi-sexuel"
                        }, 
                        {
                            "text": "autre", 
                            "checked": "false", 
                            "value": "autre"
                        }
                    ], 
                    "datefinished": "Wed Feb 27 2019 13:23:28 GMT+0100 (CET)", 
                    "options": {}
                }, 
                {
                    "code": "categorie_socioprofessionnelle", 
                    "subtitle": "Quelle est votre catégorie socio-professionnelle ?", 
                    "title": "", 
                    "selItem": "étudiants", 
                    "answered": "true", 
                    "answerType": "Radio", 
                    "questionOptions": [
                        {
                            "text": "agriculteurs exploitants", 
                            "checked": "false", 
                            "value": "agriculteurs"
                        }, 
                        {
                            "text": "artisans, commerçants et chefs d'entreprise", 
                            "checked": "false", 
                            "value": "artisans_commercants_chefs_entreprise"
                        }, 
                        {
                            "text": "cadres et professions intellectuelles supérieures", 
                            "checked": "false", 
                            "value": "cadres"
                        }, 
                        {
                            "text": "professions intermédiaires", 
                            "checked": "false", 
                            "value": "intermediaires"
                        }, 
                        {
                            "text": "employés", 
                            "checked": "false", 
                            "value": "employes"
                        }, 
                        {
                            "text": "ouvriers", 
                            "checked": "false", 
                            "value": "ouvriers"
                        }, 
                        {
                            "text": "étudiants", 
                            "checked": "false", 
                            "value": "étudiants"
                        }, 
                        {
                            "text": "retraités", 
                            "checked": "false", 
                            "value": "retraites"
                        }, 
                        {
                            "text": "sans activité professionnelle", 
                            "checked": "false", 
                            "value": "sans_activite"
                        }, 
                        {
                            "text": "autres", 
                            "checked": "false", 
                            "value": "autres"
                        }
                    ], 
                    "datefinished": "Wed Feb 27 2019 13:23:39 GMT+0100 (CET)", 
                    "options": {}
                }, 
                {
                    "code": "revenus", 
                    "subtitle": "Quel est votre niveau de revenu mensuel ?", 
                    "title": "", 
                    "selItem": "inf500euros", 
                    "answered": "true", 
                    "answerType": "Radio", 
                    "questionOptions": [
                        {
                            "text": "<500 euros", 
                            "checked": "false", 
                            "value": "inf500euros"
                        }, 
                        {
                            "text": " 500-1000 euros", 
                            "checked": "false", 
                            "value": " 500-1000euros"
                        }, 
                        {
                            "text": "1000-1500 euros", 
                            "checked": "false", 
                            "value": "1000-1500euros"
                        }, 
                        {
                            "text": " 1500-2000 euros", 
                            "checked": "false", 
                            "value": " 1500-2000euros"
                        }, 
                        {
                            "text": "2000-2500 euros", 
                            "checked": "false", 
                            "value": "2000-2500euros"
                        }, 
                        {
                            "text": ">2500 euros", 
                            "checked": "false", 
                            "value": "sup2500euros"
                        }, 
                        {
                            "text": "NSP", 
                            "checked": "false", 
                            "value": "NSP"
                        }
                    ], 
                    "datefinished": "Wed Feb 27 2019 13:23:50 GMT+0100 (CET)", 
                    "options": {}
                }, 
                {
                    "code": "prestations_sociales", 
                    "subtitle": "Recevez-vous des prestations sociales ?", 
                    "title": "", 
                    "answered": "true", 
                    "answerType": "YesNo", 
                    "questionOptions": [], 
                    "checked": true, 
                    "datefinished": "Wed Feb 27 2019 13:24:06 GMT+0100 (CET)", 
                    "options": {
                        "sousquest": [
                            {
                                "code": "prestations_sociales_precisions", 
                                "subtitle": "Laquelle/Lesquelles ?", 
                                "title": "", 
                                "value": "Bourse etudiante", 
                                "answered": "false", 
                                "answerType": "Input", 
                                "questionOptions": [], 
                                "datefinished": "nan", 
                                "options": {
                                    "type": "text"
                                }
                            }
                        ], 
                        "if": "true"
                    }
                }, 
                {
                    "code": "foyer", 
                    "subtitle": "Vivez-vous :", 
                    "title": "", 
                    "selItem": "seul", 
                    "answered": "true", 
                    "answerType": "Radio", 
                    "questionOptions": [
                        {
                            "text": "seul(e)", 
                            "checked": "false", 
                            "value": "seul"
                        }, 
                        {
                            "text": "en couple", 
                            "checked": "false", 
                            "value": "couple"
                        }, 
                        {
                            "text": "en famille", 
                            "checked": "false", 
                            "value": "famille"
                        }, 
                        {
                            "text": "en collocation", 
                            "checked": "false", 
                            "value": "collocation"
                        }, 
                        {
                            "text": "autre", 
                            "checked": "false", 
                            "value": "autre"
                        }
                    ], 
                    "datefinished": "Wed Feb 27 2019 13:24:11 GMT+0100 (CET)", 
                    "options": {}
                }, 
                {
                    "code": "enfants", 
                    "subtitle": "Avez-vous des enfants ?", 
                    "title": "", 
                    "answered": "true", 
                    "answerType": "YesNo", 
                    "questionOptions": [], 
                    "checked": false, 
                    "datefinished": "Wed Feb 27 2019 13:24:14 GMT+0100 (CET)", 
                    "options": {
                        "sousquest": [
                            {
                                "code": "enfants_combien", 
                                "subtitle": "Combien ?", 
                                "title": "", 
                                "value": "", 
                                "answered": "false", 
                                "answerType": "Input", 
                                "questionOptions": [], 
                                "datefinished": "nan", 
                                "options": {
                                    "max": 100, 
                                    "type": "number", 
                                    "min": 0
                                }
                            }, 
                            {
                                "code": "enfants_avec_parent", 
                                "subtitle": "Est-ce que vos enfant(s) vit/vivent avec vous ?", 
                                "title": "", 
                                "selItem": "", 
                                "answered": "false", 
                                "answerType": "Radio", 
                                "questionOptions": [
                                    {
                                        "text": "tout le temps", 
                                        "checked": "false", 
                                        "value": "tout"
                                    }, 
                                    {
                                        "text": "partiellement (garde partagée)", 
                                        "checked": "false", 
                                        "value": "part"
                                    }, 
                                    {
                                        "text": "jamais", 
                                        "checked": "false", 
                                        "value": "jam"
                                    }
                                ], 
                                "datefinished": "nan", 
                                "options": {}
                            }
                        ], 
                        "if": "true"
                    }
                }, 
                {
                    "code": "beaux_enfants", 
                    "subtitle": "Avez-vous des beaux-enfants ?", 
                    "title": "", 
                    "answered": "true", 
                    "answerType": "YesNo", 
                    "questionOptions": [], 
                    "checked": false, 
                    "datefinished": "Wed Feb 27 2019 13:24:15 GMT+0100 (CET)", 
                    "options": {
                        "sousquest": [
                            {
                                "code": "beaux_enfants_combien", 
                                "subtitle": "Combien ?", 
                                "title": "", 
                                "value": "", 
                                "answered": "false", 
                                "answerType": "Input", 
                                "questionOptions": [], 
                                "datefinished": "nan", 
                                "options": {
                                    "max": 100, 
                                    "type": "number", 
                                    "min": 0
                                }
                            }, 
                            {
                                "code": "beaux_enfants_avec_parent", 
                                "subtitle": "Est-ce que le/les enfant(s) de votre conjoint(e) vit/vivent avec vous ?", 
                                "title": "", 
                                "selItem": "", 
                                "answered": "false", 
                                "answerType": "Radio", 
                                "questionOptions": [
                                    {
                                        "text": "tout le temps", 
                                        "checked": "false", 
                                        "value": "tout"
                                    }, 
                                    {
                                        "text": "partiellement (garde partagée)", 
                                        "checked": "false", 
                                        "value": "part"
                                    }, 
                                    {
                                        "text": "jamais", 
                                        "checked": "false", 
                                        "value": "jam"
                                    }
                                ], 
                                "datefinished": "nan", 
                                "options": {}
                            }
                        ], 
                        "if": "true"
                    }
                }, 
                {
                    "code": "maladie_psychiatrique_passe", 
                    "subtitle": "Avez-vous eu par le passé une maladie psychiatrique ?", 
                    "title": "", 
                    "answered": "true", 
                    "answerType": "YesNo", 
                    "questionOptions": [], 
                    "checked": true, 
                    "datefinished": "Wed Feb 27 2019 13:24:33 GMT+0100 (CET)", 
                    "options": {
                        "sousquest": [
                            {
                                "code": "maladie_psychiatrique_passe_precisions", 
                                "subtitle": "Laquelle / Lesquelles ?", 
                                "title": "", 
                                "value": "Episode depressif", 
                                "answered": "false", 
                                "answerType": "Input", 
                                "questionOptions": [], 
                                "datefinished": "nan", 
                                "options": {
                                    "type": "text"
                                }
                            }
                        ], 
                        "if": "true"
                    }
                }, 
                {
                    "code": "maladie_psychiatrique_famille", 
                    "subtitle": "Est-ce que des membres de votre famille ont ou ont eu des maladies psychiatriques ?", 
                    "title": "", 
                    "answered": "true", 
                    "answerType": "YesNo", 
                    "questionOptions": [], 
                    "checked": false, 
                    "datefinished": "Wed Feb 27 2019 13:24:37 GMT+0100 (CET)", 
                    "options": {
                        "sousquest": [
                            {
                                "code": "maladie_psychiatrique_famille_precisions", 
                                "subtitle": "Quel(s) membre(s) de votre famille a/ont eu quelle(s) maladie(s) ?", 
                                "title": "", 
                                "value": "", 
                                "answered": "false", 
                                "answerType": "Text", 
                                "questionOptions": [], 
                                "datefinished": "nan", 
                                "options": {}
                            }
                        ], 
                        "if": "true"
                    }
                }, 
                {
                    "code": "tentatives_suicide", 
                    "subtitle": "Avez-vous déjà fait une/des tentative(s) de suicide ?", 
                    "title": "", 
                    "answered": "true", 
                    "answerType": "YesNo", 
                    "questionOptions": [], 
                    "checked": false, 
                    "datefinished": "Wed Feb 27 2019 13:24:39 GMT+0100 (CET)", 
                    "options": {
                        "sousquest": [
                            {
                                "code": "tentatives_suicide_precisions", 
                                "subtitle": "Combien ?", 
                                "title": "", 
                                "value": "", 
                                "answered": "false", 
                                "answerType": "Input", 
                                "questionOptions": [], 
                                "datefinished": "nan", 
                                "options": {
                                    "max": 100, 
                                    "type": "number", 
                                    "min": 0
                                }
                            }
                        ], 
                        "if": "true"
                    }
                }, 
                {
                    "code": "tentatives_suicide_famille", 
                    "subtitle": "Est-ce que des membres de votre famille ont fait une/ des tentative(s) de suicide ?", 
                    "title": "", 
                    "answered": "true", 
                    "answerType": "YesNo", 
                    "questionOptions": [], 
                    "checked": false, 
                    "datefinished": "Wed Feb 27 2019 13:24:40 GMT+0100 (CET)", 
                    "options": {
                        "sousquest": [
                            {
                                "code": "tentatives_suicide_famille_precisions", 
                                "subtitle": "Qui ?", 
                                "title": "", 
                                "value": "", 
                                "answered": "false", 
                                "answerType": "Input", 
                                "questionOptions": [], 
                                "datefinished": "nan", 
                                "options": {
                                    "type": "text"
                                }
                            }
                        ], 
                        "if": "true"
                    }
                }, 
                {
                    "code": "agitation_tension_emotionnelle", 
                    "subtitle": "À partir de quel niveau de tension émotionnelle vous sentez-vous en détresse ?", 
                    "title": "", 
                    "required": true, 
                    "value": 5, 
                    "answered": "true", 
                    "answerType": "Range", 
                    "questionOptions": [], 
                    "datefinished": "Wed Feb 27 2019 13:24:59 GMT+0100 (CET)", 
                    "options": {
                        "max": 10, 
                        "maxLabel": "", 
                        "minLabel": "", 
                        "min": 0
                    }
                }
            ]
        }, 
        {
            "status": "answered", 
            "img": "assets/img/iconsnew/ques/hebdo.png", 
            "_rev": "2-c51cae4730294f128276328cf3bb4f4f", 
            "datedue": "2019-03-08T23:00:00.041Z", 
            "prog": 100, 
            "denom": "Hebdomadaire", 
            "datefinished": "Sat Mar 09 2019 17:45:38 GMT+0100 (CET)", 
            "_id": "a50b85e0-ba87-483b-8ae1-1cc4769807eb", 
            "type": "Hebdomadaire", 
            "freq": "none", 
            "dataquestionnaire": [
                {
                    "code": "q1_douleur_psy", 
                    "subtitle": "Quel est votre niveau de douleur psychologique <strong>maintenant</strong> ?", 
                    "title": "", 
                    "required": true, 
                    "value": 3, 
                    "answered": "true", 
                    "answerType": "Range", 
                    "questionOptions": [], 
                    "datefinished": "Sat Mar 09 2019 17:43:45 GMT+0100 (CET)", 
                    "options": {
                        "min": 0, 
                        "max": 10, 
                        "sousquest": [
                            {
                                "code": "q2_intens_idees_suicid", 
                                "subtitle": "Quelle est l'intensité de vos idées de suicide <strong>maintenant</strong> ?", 
                                "title": "", 
                                "required": true, 
                                "value": 0, 
                                "answered": "false", 
                                "answerType": "Range", 
                                "questionOptions": [], 
                                "datefinished": "nan", 
                                "options": {
                                    "max": 10, 
                                    "maxLabel": "", 
                                    "minLabel": "", 
                                    "min": 0
                                }
                            }, 
                            {
                                "code": "q3_intensite_tuer", 
                                "subtitle": "Quelle est l'intensité de votre intention de vous tuer ?", 
                                "title": "", 
                                "value": 0, 
                                "answered": "false", 
                                "answerType": "Range", 
                                "questionOptions": [], 
                                "datefinished": "nan", 
                                "options": {
                                    "max": 10, 
                                    "maxLabel": "", 
                                    "minLabel": "", 
                                    "min": 0
                                }
                            }
                        ], 
                        "maxLabel": "Extrême", 
                        "minLabel": "Nul", 
                        "if": "5"
                    }
                }, 
                {
                    "code": "douleur_morale_moyen", 
                    "subtitle": "Quel a été votre niveau de douleur psychologique <strong>moyen</strong> cette semaine ?", 
                    "title": "", 
                    "value": 6, 
                    "answered": "true", 
                    "answerType": "Range", 
                    "questionOptions": [], 
                    "datefinished": "Sat Mar 09 2019 17:44:05 GMT+0100 (CET)", 
                    "options": {
                        "min": 0, 
                        "max": 10, 
                        "sousquest": [
                            {
                                "code": "idees_suicidaires_moyen", 
                                "subtitle": "Quel a été votre niveau de douleur psychologique <strong>moyen</strong> cette semaine ?", 
                                "title": "", 
                                "value": 6, 
                                "answered": "false", 
                                "answerType": "Range", 
                                "questionOptions": [], 
                                "datefinished": "nan", 
                                "options": {
                                    "max": 10, 
                                    "maxLabel": "", 
                                    "minLabel": "", 
                                    "min": 0
                                }
                            }, 
                            {
                                "code": "intens_moy_tuer", 
                                "subtitle": "Quelle a été l'intensité de votre intention de vous tuer cette semaine ?", 
                                "title": "", 
                                "value": 6, 
                                "answered": "false", 
                                "answerType": "Range", 
                                "questionOptions": [], 
                                "datefinished": "nan", 
                                "options": {
                                    "max": 10, 
                                    "maxLabel": "Extrême", 
                                    "minLabel": "Nul", 
                                    "min": 0
                                }
                            }
                        ], 
                        "maxLabel": "Extrême", 
                        "minLabel": "Nul", 
                        "if": "5"
                    }
                }, 
                {
                    "code": "douleurs_max", 
                    "subtitle": "Quel a été votre niveau de douleur psychologique <strong>maximum</strong> cette semaine ?", 
                    "title": "", 
                    "value": 9, 
                    "answered": "true", 
                    "answerType": "Range", 
                    "questionOptions": [], 
                    "datefinished": "Sat Mar 09 2019 17:44:10 GMT+0100 (CET)", 
                    "options": {
                        "max": 10, 
                        "maxLabel": "", 
                        "minLabel": "", 
                        "min": 0
                    }
                }, 
                {
                    "code": "q8_agitation_tension_hebdo", 
                    "subtitle": "Quel est votre niveau d'agitation ou de tension émotionnelle <strong>maintenant</strong> ?", 
                    "title": "", 
                    "required": true, 
                    "value": 4, 
                    "answered": "true", 
                    "answerType": "Range", 
                    "questionOptions": [], 
                    "datefinished": "Sat Mar 09 2019 17:44:14 GMT+0100 (CET)", 
                    "options": {
                        "max": 10, 
                        "maxLabel": "Extrême", 
                        "minLabel": "Nul", 
                        "min": 0
                    }
                }, 
                {
                    "code": "agitation_tension_emotionnelle_maximum", 
                    "subtitle": "Quel a été votre niveau d'agitation ou de tension émotionnelle <strong>maximum</strong> cette semaine ?", 
                    "title": "", 
                    "value": 10, 
                    "answered": "true", 
                    "answerType": "Range", 
                    "questionOptions": [], 
                    "datefinished": "Sat Mar 09 2019 17:44:17 GMT+0100 (CET)", 
                    "options": {
                        "max": 10, 
                        "maxLabel": "Extrême", 
                        "minLabel": "Nul", 
                        "min": 0
                    }
                }, 
                {
                    "code": "bonne_semaine", 
                    "subtitle": "Avez-vous passé une bonne semaine ?", 
                    "title": "", 
                    "value": 5, 
                    "answered": "true", 
                    "answerType": "Range", 
                    "questionOptions": [], 
                    "datefinished": "Sat Mar 09 2019 17:44:24 GMT+0100 (CET)", 
                    "options": {
                        "max": 10, 
                        "maxLabel": "Très bonne", 
                        "minLabel": "Très mauvaise", 
                        "min": 0
                    }
                }, 
                {
                    "code": "hospitalisation", 
                    "subtitle": "Avez-vous été hospitalisé(e) ?", 
                    "title": "", 
                    "answered": "ignored", 
                    "answerType": "Checkbox", 
                    "questionOptions": [
                        {
                            "text": "pour des problèmes psychiatriques", 
                            "checked": "false", 
                            "value": "psychiatrique"
                        }, 
                        {
                            "text": "pour des problèmes physiques", 
                            "checked": "false", 
                            "value": "physique"
                        }
                    ], 
                    "datefinished": "nan", 
                    "options": {
                        "sousquest": [
                            {
                                "code": "hospitalisation_pourquoi", 
                                "subtitle": "Pourquoi ?", 
                                "title": "", 
                                "value": "", 
                                "answered": "false", 
                                "answerType": "Text", 
                                "questionOptions": [], 
                                "datefinished": "nan", 
                                "options": {}
                            }
                        ], 
                        "if": "check"
                    }
                }, 
                {
                    "code": "urgences_psychiatriques", 
                    "subtitle": "Êtes-vous passé(e) aux urgences psychiatriques ?", 
                    "title": "", 
                    "answered": "ignored", 
                    "answerType": "YesNo", 
                    "questionOptions": [], 
                    "checked": false, 
                    "datefinished": "nan", 
                    "options": {
                        "sousquest": [
                            {
                                "code": "urgences_psychiatriques_pourquoi", 
                                "subtitle": "Pourquoi ?", 
                                "title": "", 
                                "value": "", 
                                "answered": "false", 
                                "answerType": "Text", 
                                "questionOptions": [], 
                                "datefinished": "nan", 
                                "options": {}
                            }
                        ], 
                        "if": "true"
                    }
                }, 
                {
                    "code": "evenement_negatif", 
                    "subtitle": "Avez-vous vécu un événement particulièrement négatif qui vous a contrarié(e) ou peiné(e) cette semaine ?", 
                    "title": "", 
                    "answered": "ignored", 
                    "answerType": "YesNo", 
                    "questionOptions": [], 
                    "checked": false, 
                    "datefinished": "nan", 
                    "options": {
                        "sousquest": [
                            {
                                "code": "evenement_negatif_details", 
                                "subtitle": "Décrivez-le:", 
                                "title": "", 
                                "value": "", 
                                "answered": "false", 
                                "answerType": "Text", 
                                "questionOptions": [], 
                                "datefinished": "nan", 
                                "options": {}
                            }
                        ], 
                        "if": "true"
                    }
                }, 
                {
                    "code": "comportements_suicidaires", 
                    "subtitle": "Avez-vous eu des comportements suicidaires cette semaine ?", 
                    "title": "", 
                    "answered": "ignored", 
                    "answerType": "YesNo", 
                    "questionOptions": [], 
                    "checked": false, 
                    "datefinished": "nan", 
                    "options": {
                        "sousquest": [
                            {
                                "code": "comportements_suicidaires_details", 
                                "subtitle": "Pouvez-vous les décrire ?", 
                                "title": "", 
                                "value": "", 
                                "answered": "false", 
                                "answerType": "Text", 
                                "questionOptions": [], 
                                "datefinished": "nan", 
                                "options": {}
                            }, 
                            {
                                "code": "comportements_suicidaires_facteurs_declenchants", 
                                "subtitle": "Avez-vous identifié des facteurs déclenchants ?", 
                                "title": "", 
                                "answered": "false", 
                                "answerType": "YesNo", 
                                "questionOptions": [], 
                                "checked": false, 
                                "datefinished": "nan", 
                                "options": {
                                    "sousquest": [
                                        {
                                            "code": "comportements_suicidaires_facteurs_declenchants_details", 
                                            "subtitle": "Pouvez-vous les décrire ?", 
                                            "title": "", 
                                            "value": "", 
                                            "answered": "false", 
                                            "answerType": "Text", 
                                            "questionOptions": [], 
                                            "datefinished": "nan", 
                                            "options": {}
                                        }
                                    ], 
                                    "if": "true"
                                }
                            }, 
                            {
                                "code": "comportements_suicidaires_aide", 
                                "subtitle": "Avez vous identifié ce qui vous a aidé à les surmonter ?", 
                                "title": "", 
                                "answered": "false", 
                                "answerType": "YesNo", 
                                "questionOptions": [], 
                                "checked": false, 
                                "datefinished": "nan", 
                                "options": {
                                    "sousquest": [
                                        {
                                            "code": "comportements_suicidaires_aide_details", 
                                            "subtitle": "Pouvez-vous les décrire ?", 
                                            "title": "", 
                                            "value": "", 
                                            "answered": "false", 
                                            "answerType": "Text", 
                                            "questionOptions": [], 
                                            "datefinished": "nan", 
                                            "options": {}
                                        }
                                    ], 
                                    "if": "true"
                                }
                            }
                        ], 
                        "if": "true"
                    }
                }, 
                {
                    "code": "bien_etre", 
                    "subtitle": "Quel a été votre niveau de bien-être cette semaine ?", 
                    "title": "", 
                    "value": 5, 
                    "answered": "true", 
                    "answerType": "Range", 
                    "questionOptions": [], 
                    "datefinished": "Sat Mar 09 2019 17:44:39 GMT+0100 (CET)", 
                    "options": {
                        "max": 10, 
                        "maxLabel": "Extrême", 
                        "minLabel": "Nul", 
                        "min": 0
                    }
                }, 
                {
                    "code": "heures_personnes_importantes", 
                    "subtitle": "Combien de temps (en heures) avez-vous passé avec les personnes importantes pour vous sur la semaine écoulée ?", 
                    "title": "", 
                    "value": "60", 
                    "answered": "true", 
                    "answerType": "Input", 
                    "questionOptions": [], 
                    "datefinished": "Sat Mar 09 2019 17:44:56 GMT+0100 (CET)", 
                    "options": {
                        "max": 100, 
                        "type": "number", 
                        "min": 0
                    }
                }, 
                {
                    "code": "satisfaction_relations_familiales_sans_contact", 
                    "subtitle": "J'ai des contacts avec ma famille actuellement", 
                    "title": "", 
                    "answered": "true", 
                    "answerType": "YesNo", 
                    "questionOptions": [], 
                    "checked": false, 
                    "datefinished": "Sat Mar 09 2019 17:44:59 GMT+0100 (CET)", 
                    "options": {
                        "sousquest": [
                            {
                                "code": "satisfaction_relations_familiales", 
                                "subtitle": "Cette semaine, êtes-vous satisfait(e) de vos relations familiales ?", 
                                "title": "", 
                                "value": 0, 
                                "answered": "false", 
                                "answerType": "Range", 
                                "questionOptions": [], 
                                "datefinished": "nan", 
                                "options": {
                                    "max": 10, 
                                    "maxLabel": "Totalement", 
                                    "minLabel": "Pas du tout", 
                                    "min": 0
                                }
                            }
                        ], 
                        "if": "true"
                    }
                }, 
                {
                    "code": "satisfaction_relations_sans_couple", 
                    "subtitle": "Je suis en couple actuellement", 
                    "title": "", 
                    "answered": "ignored", 
                    "answerType": "YesNo", 
                    "questionOptions": [], 
                    "checked": false, 
                    "datefinished": "nan", 
                    "options": {
                        "sousquest": [
                            {
                                "code": "satisfaction_relations_couple", 
                                "subtitle": "Cette semaine, êtes-vous satisfait(e) de vos relations de couple ?", 
                                "title": "", 
                                "value": 0, 
                                "answered": "false", 
                                "answerType": "Range", 
                                "questionOptions": [], 
                                "datefinished": "nan", 
                                "options": {
                                    "max": 10, 
                                    "maxLabel": "Totalement", 
                                    "minLabel": "Pas du tout", 
                                    "min": 0
                                }
                            }
                        ], 
                        "if": "true"
                    }
                }, 
                {
                    "code": "satisfaction_relations_amicales_sans_contact", 
                    "subtitle": "J'ai des contacts avec mes amis actuellement", 
                    "title": "", 
                    "answered": "true", 
                    "answerType": "YesNo", 
                    "questionOptions": [], 
                    "checked": true, 
                    "datefinished": "Sat Mar 09 2019 17:45:08 GMT+0100 (CET)", 
                    "options": {
                        "sousquest": [
                            {
                                "code": "satisfaction_relations_amicales", 
                                "subtitle": "Cette semaine, êtes-vous satisfait(e) de vos relations amicales ?", 
                                "title": "", 
                                "value": 4, 
                                "answered": "false", 
                                "answerType": "Range", 
                                "questionOptions": [], 
                                "datefinished": "nan", 
                                "options": {
                                    "max": 10, 
                                    "maxLabel": "Totalement", 
                                    "minLabel": "Pas du tout", 
                                    "min": 0
                                }
                            }
                        ], 
                        "if": "true"
                    }
                }, 
                {
                    "code": "satisfaction_relations_professionnelles_sans_contact", 
                    "subtitle": "J'ai des relations professionnelles actuellement", 
                    "title": "", 
                    "answered": "ignored", 
                    "answerType": "YesNo", 
                    "questionOptions": [], 
                    "checked": false, 
                    "datefinished": "nan", 
                    "options": {
                        "sousquest": [
                            {
                                "code": "satisfaction_relations_professionnelles", 
                                "subtitle": "Cette semaine, êtes-vous satisfait(e) de vos relations professionnelles ?", 
                                "title": "", 
                                "value": 0, 
                                "answered": "false", 
                                "answerType": "Range", 
                                "questionOptions": [], 
                                "datefinished": "nan", 
                                "options": {
                                    "max": 10, 
                                    "maxLabel": "Totalement", 
                                    "minLabel": "Pas du tout", 
                                    "min": 0
                                }
                            }
                        ], 
                        "if": "true"
                    }
                }, 
                {
                    "code": "conflits", 
                    "subtitle": "Avez-vous vécu des conflits relationnels cette semaine ?", 
                    "title": "", 
                    "answered": "ignored", 
                    "answerType": "YesNo", 
                    "questionOptions": [], 
                    "checked": false, 
                    "datefinished": "nan", 
                    "options": {
                        "sousquest": [
                            {
                                "code": "conflits_contact", 
                                "subtitle": "Sélectionnez la personne impliquée si elle figure parmi les personnes importantes pour vous", 
                                "title": "", 
                                "value": "contact", 
                                "answered": "false", 
                                "answerType": "Contact", 
                                "questionOptions": [], 
                                "datefinished": "nan", 
                                "options": {}
                            }, 
                            {
                                "code": "conflits_reaction", 
                                "subtitle": "Comment avez-vous réagi ?", 
                                "title": "", 
                                "value": "", 
                                "answered": "false", 
                                "answerType": "Text", 
                                "questionOptions": [], 
                                "datefinished": "nan", 
                                "options": {}
                            }, 
                            {
                                "code": "conflits_type", 
                                "subtitle": "Ou indiquez si ce(s) conflit(s) étai(en)t", 
                                "title": "", 
                                "answered": "false", 
                                "answerType": "Checkbox", 
                                "questionOptions": [
                                    {
                                        "text": "familial", 
                                        "checked": "false", 
                                        "value": "familiaux"
                                    }, 
                                    {
                                        "text": "amical", 
                                        "checked": "false", 
                                        "value": "amicaux"
                                    }, 
                                    {
                                        "text": "professionnel", 
                                        "checked": "false", 
                                        "value": "professionnels"
                                    }, 
                                    {
                                        "text": "autre", 
                                        "checked": "false", 
                                        "value": "autre"
                                    }
                                ], 
                                "datefinished": "nan", 
                                "options": {}
                            }
                        ], 
                        "if": "true"
                    }
                }, 
                {
                    "code": "qualite_de_vie", 
                    "subtitle": "Cette semaine, est-ce que votre qualité de vie vous paraît :", 
                    "title": "", 
                    "value": 6, 
                    "answered": "true", 
                    "answerType": "Range", 
                    "questionOptions": [], 
                    "datefinished": "Sat Mar 09 2019 17:45:15 GMT+0100 (CET)", 
                    "options": {
                        "max": 10, 
                        "maxLabel": "Très bien", 
                        "minLabel": "Pas bien du tout", 
                        "min": 0
                    }
                }, 
                {
                    "code": "heures_loisirs", 
                    "subtitle": "Cette semaine, combien de temps (en heures) avez-vous passé à vos loisirs ?", 
                    "title": "", 
                    "value": "", 
                    "answered": "ignored", 
                    "answerType": "Input", 
                    "questionOptions": [], 
                    "datefinished": "nan", 
                    "options": {
                        "max": 168, 
                        "type": "number", 
                        "min": 0
                    }
                }, 
                {
                    "code": "plaisir_activites", 
                    "subtitle": "Avez-vous pris du plaisir dans vos activités cette semaine ?", 
                    "title": "", 
                    "value": 6, 
                    "answered": "true", 
                    "answerType": "Range", 
                    "questionOptions": [], 
                    "datefinished": "Sat Mar 09 2019 17:45:21 GMT+0100 (CET)", 
                    "options": {
                        "max": 10, 
                        "maxLabel": "Beaucoup", 
                        "minLabel": "Pas du tout", 
                        "min": 0
                    }
                }, 
                {
                    "code": "sens", 
                    "subtitle": "Qu'est-ce qui a eu du sens pour vous cette semaine ?", 
                    "title": "", 
                    "value": "", 
                    "answered": "ignored", 
                    "answerType": "Text", 
                    "questionOptions": [], 
                    "datefinished": "nan", 
                    "options": {}
                }, 
                {
                    "code": "bon_moments", 
                    "subtitle": "Quels ont étés les bons moments que vous avez passés cette semaine ?", 
                    "title": "", 
                    "graph": true, 
                    "value": "", 
                    "answered": "ignored", 
                    "answerType": "Text", 
                    "questionOptions": [], 
                    "datefinished": "nan", 
                    "options": {}
                }, 
                {
                    "code": "semaine_prochaine", 
                    "subtitle": "Quel domaine de votre vie allez-vous particulièrement investir la semaine à venir ?", 
                    "title": "", 
                    "value": "Scolaire", 
                    "answered": "true", 
                    "answerType": "Text", 
                    "questionOptions": [], 
                    "datefinished": "Sat Mar 09 2019 17:45:34 GMT+0100 (CET)", 
                    "options": {}
                }, 
                {
                    "code": "modif_pers_imp", 
                    "subtitle": "Souhaitez-vous apporter des modifications aux données concernant les personnes importantes et/ou qui prennent de la place ?", 
                    "title": "", 
                    "answered": "ignored", 
                    "answerType": "YesNo", 
                    "questionOptions": [], 
                    "checked": false, 
                    "datefinished": "nan", 
                    "options": {}
                }
            ]
        }, 
        {
            "status": "answered", 
            "img": "assets/img/iconsnew/ques/hebdo.png", 
            "_rev": "2-909ae49154ea4337adfe33e943299152", 
            "datedue": "2019-03-01T23:00:00.041Z", 
            "prog": 83, 
            "denom": "Hebdomadaire", 
            "datefinished": "unknown", 
            "_id": "c972a2bc-efc2-44bf-a19a-0c6bb20ea564", 
            "type": "Hebdomadaire", 
            "freq": "none", 
            "dataquestionnaire": [
                {
                    "code": "q1_douleur_psy", 
                    "subtitle": "Quel est votre niveau de douleur psychologique <strong>maintenant</strong> ?", 
                    "title": "", 
                    "required": true, 
                    "value": 5, 
                    "answered": "true", 
                    "answerType": "Range", 
                    "questionOptions": [], 
                    "datefinished": "Sat Mar 02 2019 19:05:23 GMT+0100 (CET)", 
                    "options": {
                        "min": 0, 
                        "max": 10, 
                        "sousquest": [
                            {
                                "code": "q2_intens_idees_suicid", 
                                "subtitle": "Quelle est l'intensité de vos idées de suicide <strong>maintenant</strong> ?", 
                                "title": "", 
                                "required": true, 
                                "value": 0, 
                                "answered": "false", 
                                "answerType": "Range", 
                                "questionOptions": [], 
                                "datefinished": "nan", 
                                "options": {
                                    "max": 10, 
                                    "maxLabel": "", 
                                    "minLabel": "", 
                                    "min": 0
                                }
                            }, 
                            {
                                "code": "q3_intensite_tuer", 
                                "subtitle": "Quelle est l'intensité de votre intention de vous tuer ?", 
                                "title": "", 
                                "value": 0, 
                                "answered": "false", 
                                "answerType": "Range", 
                                "questionOptions": [], 
                                "datefinished": "nan", 
                                "options": {
                                    "max": 10, 
                                    "maxLabel": "", 
                                    "minLabel": "", 
                                    "min": 0
                                }
                            }
                        ], 
                        "maxLabel": "Extrême", 
                        "minLabel": "Nul", 
                        "if": "5"
                    }
                }, 
                {
                    "code": "douleur_morale_moyen", 
                    "subtitle": "Quel a été votre niveau de douleur psychologique <strong>moyen</strong> cette semaine ?", 
                    "title": "", 
                    "value": 4, 
                    "answered": "true", 
                    "answerType": "Range", 
                    "questionOptions": [], 
                    "datefinished": "Sat Mar 02 2019 19:05:30 GMT+0100 (CET)", 
                    "options": {
                        "min": 0, 
                        "max": 10, 
                        "sousquest": [
                            {
                                "code": "idees_suicidaires_moyen", 
                                "subtitle": "Quel a été votre niveau de douleur psychologique <strong>moyen</strong> cette semaine ?", 
                                "title": "", 
                                "value": 0, 
                                "answered": "false", 
                                "answerType": "Range", 
                                "questionOptions": [], 
                                "datefinished": "nan", 
                                "options": {
                                    "max": 10, 
                                    "maxLabel": "", 
                                    "minLabel": "", 
                                    "min": 0
                                }
                            }, 
                            {
                                "code": "intens_moy_tuer", 
                                "subtitle": "Quelle a été l'intensité de votre intention de vous tuer cette semaine ?", 
                                "title": "", 
                                "value": 0, 
                                "answered": "false", 
                                "answerType": "Range", 
                                "questionOptions": [], 
                                "datefinished": "nan", 
                                "options": {
                                    "max": 10, 
                                    "maxLabel": "Extrême", 
                                    "minLabel": "Nul", 
                                    "min": 0
                                }
                            }
                        ], 
                        "maxLabel": "Extrême", 
                        "minLabel": "Nul", 
                        "if": "5"
                    }
                }, 
                {
                    "code": "douleurs_max", 
                    "subtitle": "Quel a été votre niveau de douleur psychologique <strong>maximum</strong> cette semaine ?", 
                    "title": "", 
                    "value": 7, 
                    "answered": "true", 
                    "answerType": "Range", 
                    "questionOptions": [], 
                    "datefinished": "Sat Mar 02 2019 19:05:33 GMT+0100 (CET)", 
                    "options": {
                        "max": 10, 
                        "maxLabel": "", 
                        "minLabel": "", 
                        "min": 0
                    }
                }, 
                {
                    "code": "q8_agitation_tension_hebdo", 
                    "subtitle": "Quel est votre niveau d'agitation ou de tension émotionnelle <strong>maintenant</strong> ?", 
                    "title": "", 
                    "required": true, 
                    "value": 6, 
                    "answered": "true", 
                    "answerType": "Range", 
                    "questionOptions": [], 
                    "datefinished": "Sat Mar 02 2019 19:05:37 GMT+0100 (CET)", 
                    "options": {
                        "max": 10, 
                        "maxLabel": "Extrême", 
                        "minLabel": "Nul", 
                        "min": 0
                    }
                }, 
                {
                    "code": "agitation_tension_emotionnelle_maximum", 
                    "subtitle": "Quel a été votre niveau d'agitation ou de tension émotionnelle <strong>maximum</strong> cette semaine ?", 
                    "title": "", 
                    "value": 8, 
                    "answered": "true", 
                    "answerType": "Range", 
                    "questionOptions": [], 
                    "datefinished": "Sat Mar 02 2019 19:05:39 GMT+0100 (CET)", 
                    "options": {
                        "max": 10, 
                        "maxLabel": "Extrême", 
                        "minLabel": "Nul", 
                        "min": 0
                    }
                }, 
                {
                    "code": "bonne_semaine", 
                    "subtitle": "Avez-vous passé une bonne semaine ?", 
                    "title": "", 
                    "value": 6, 
                    "answered": "true", 
                    "answerType": "Range", 
                    "questionOptions": [], 
                    "datefinished": "Sat Mar 02 2019 19:05:48 GMT+0100 (CET)", 
                    "options": {
                        "max": 10, 
                        "maxLabel": "Très bonne", 
                        "minLabel": "Très mauvaise", 
                        "min": 0
                    }
                }, 
                {
                    "code": "hospitalisation", 
                    "subtitle": "Avez-vous été hospitalisé(e) ?", 
                    "title": "", 
                    "answered": "true", 
                    "answerType": "Checkbox", 
                    "questionOptions": [
                        {
                            "text": "pour des problèmes psychiatriques", 
                            "checked": true, 
                            "value": "psychiatrique"
                        }, 
                        {
                            "text": "pour des problèmes physiques", 
                            "checked": "false", 
                            "value": "physique"
                        }
                    ], 
                    "datefinished": "Sat Mar 02 2019 19:06:04 GMT+0100 (CET)", 
                    "options": {
                        "sousquest": [
                            {
                                "code": "hospitalisation_pourquoi", 
                                "subtitle": "Pourquoi ?", 
                                "title": "", 
                                "value": "Episode depressif ", 
                                "answered": "false", 
                                "answerType": "Text", 
                                "questionOptions": [], 
                                "datefinished": "nan", 
                                "options": {}
                            }
                        ], 
                        "if": "check"
                    }
                }, 
                {
                    "code": "urgences_psychiatriques", 
                    "subtitle": "Êtes-vous passé(e) aux urgences psychiatriques ?", 
                    "title": "", 
                    "answered": "true", 
                    "answerType": "YesNo", 
                    "questionOptions": [], 
                    "checked": true, 
                    "datefinished": "Sat Mar 02 2019 19:06:15 GMT+0100 (CET)", 
                    "options": {
                        "sousquest": [
                            {
                                "code": "urgences_psychiatriques_pourquoi", 
                                "subtitle": "Pourquoi ?", 
                                "title": "", 
                                "value": "Suite à une TS", 
                                "answered": "false", 
                                "answerType": "Text", 
                                "questionOptions": [], 
                                "datefinished": "nan", 
                                "options": {}
                            }
                        ], 
                        "if": "true"
                    }
                }, 
                {
                    "code": "evenement_negatif", 
                    "subtitle": "Avez-vous vécu un événement particulièrement négatif qui vous a contrarié(e) ou peiné(e) cette semaine ?", 
                    "title": "", 
                    "answered": "true", 
                    "answerType": "YesNo", 
                    "questionOptions": [], 
                    "checked": true, 
                    "datefinished": "Sat Mar 02 2019 19:06:26 GMT+0100 (CET)", 
                    "options": {
                        "sousquest": [
                            {
                                "code": "evenement_negatif_details", 
                                "subtitle": "Décrivez-le:", 
                                "title": "", 
                                "value": "Une rupture", 
                                "answered": "false", 
                                "answerType": "Text", 
                                "questionOptions": [], 
                                "datefinished": "nan", 
                                "options": {}
                            }
                        ], 
                        "if": "true"
                    }
                }, 
                {
                    "code": "comportements_suicidaires", 
                    "subtitle": "Avez-vous eu des comportements suicidaires cette semaine ?", 
                    "title": "", 
                    "answered": "ignored", 
                    "answerType": "YesNo", 
                    "questionOptions": [], 
                    "checked": false, 
                    "datefinished": "nan", 
                    "options": {
                        "sousquest": [
                            {
                                "code": "comportements_suicidaires_details", 
                                "subtitle": "Pouvez-vous les décrire ?", 
                                "title": "", 
                                "value": "", 
                                "answered": "false", 
                                "answerType": "Text", 
                                "questionOptions": [], 
                                "datefinished": "nan", 
                                "options": {}
                            }, 
                            {
                                "code": "comportements_suicidaires_facteurs_declenchants", 
                                "subtitle": "Avez-vous identifié des facteurs déclenchants ?", 
                                "title": "", 
                                "answered": "false", 
                                "answerType": "YesNo", 
                                "questionOptions": [], 
                                "checked": false, 
                                "datefinished": "nan", 
                                "options": {
                                    "sousquest": [
                                        {
                                            "code": "comportements_suicidaires_facteurs_declenchants_details", 
                                            "subtitle": "Pouvez-vous les décrire ?", 
                                            "title": "", 
                                            "value": "", 
                                            "answered": "false", 
                                            "answerType": "Text", 
                                            "questionOptions": [], 
                                            "datefinished": "nan", 
                                            "options": {}
                                        }
                                    ], 
                                    "if": "true"
                                }
                            }, 
                            {
                                "code": "comportements_suicidaires_aide", 
                                "subtitle": "Avez vous identifié ce qui vous a aidé à les surmonter ?", 
                                "title": "", 
                                "answered": "false", 
                                "answerType": "YesNo", 
                                "questionOptions": [], 
                                "checked": false, 
                                "datefinished": "nan", 
                                "options": {
                                    "sousquest": [
                                        {
                                            "code": "comportements_suicidaires_aide_details", 
                                            "subtitle": "Pouvez-vous les décrire ?", 
                                            "title": "", 
                                            "value": "", 
                                            "answered": "false", 
                                            "answerType": "Text", 
                                            "questionOptions": [], 
                                            "datefinished": "nan", 
                                            "options": {}
                                        }
                                    ], 
                                    "if": "true"
                                }
                            }
                        ], 
                        "if": "true"
                    }
                }, 
                {
                    "code": "bien_etre", 
                    "subtitle": "Quel a été votre niveau de bien-être cette semaine ?", 
                    "title": "", 
                    "value": 4, 
                    "answered": "true", 
                    "answerType": "Range", 
                    "questionOptions": [], 
                    "datefinished": "Sat Mar 02 2019 19:06:37 GMT+0100 (CET)", 
                    "options": {
                        "max": 10, 
                        "maxLabel": "Extrême", 
                        "minLabel": "Nul", 
                        "min": 0
                    }
                }, 
                {
                    "code": "heures_personnes_importantes", 
                    "subtitle": "Combien de temps (en heures) avez-vous passé avec les personnes importantes pour vous sur la semaine écoulée ?", 
                    "title": "", 
                    "value": "", 
                    "answered": "ignored", 
                    "answerType": "Input", 
                    "questionOptions": [], 
                    "datefinished": "nan", 
                    "options": {
                        "max": 100, 
                        "type": "number", 
                        "min": 0
                    }
                }, 
                {
                    "code": "satisfaction_relations_familiales_sans_contact", 
                    "subtitle": "J'ai des contacts avec ma famille actuellement", 
                    "title": "", 
                    "answered": "true", 
                    "answerType": "YesNo", 
                    "questionOptions": [], 
                    "checked": true, 
                    "datefinished": "Sat Mar 02 2019 19:07:23 GMT+0100 (CET)", 
                    "options": {
                        "sousquest": [
                            {
                                "code": "satisfaction_relations_familiales", 
                                "subtitle": "Cette semaine, êtes-vous satisfait(e) de vos relations familiales ?", 
                                "title": "", 
                                "value": 9, 
                                "answered": "false", 
                                "answerType": "Range", 
                                "questionOptions": [], 
                                "datefinished": "nan", 
                                "options": {
                                    "max": 10, 
                                    "maxLabel": "Totalement", 
                                    "minLabel": "Pas du tout", 
                                    "min": 0
                                }
                            }
                        ], 
                        "if": "true"
                    }
                }, 
                {
                    "code": "satisfaction_relations_sans_couple", 
                    "subtitle": "Je suis en couple actuellement", 
                    "title": "", 
                    "answered": "ignored", 
                    "answerType": "YesNo", 
                    "questionOptions": [], 
                    "checked": false, 
                    "datefinished": "nan", 
                    "options": {
                        "sousquest": [
                            {
                                "code": "satisfaction_relations_couple", 
                                "subtitle": "Cette semaine, êtes-vous satisfait(e) de vos relations de couple ?", 
                                "title": "", 
                                "value": 0, 
                                "answered": "false", 
                                "answerType": "Range", 
                                "questionOptions": [], 
                                "datefinished": "nan", 
                                "options": {
                                    "max": 10, 
                                    "maxLabel": "Totalement", 
                                    "minLabel": "Pas du tout", 
                                    "min": 0
                                }
                            }
                        ], 
                        "if": "true"
                    }
                }, 
                {
                    "code": "satisfaction_relations_amicales_sans_contact", 
                    "subtitle": "J'ai des contacts avec mes amis actuellement", 
                    "title": "", 
                    "answered": "true", 
                    "answerType": "YesNo", 
                    "questionOptions": [], 
                    "checked": true, 
                    "datefinished": "Sat Mar 02 2019 19:07:31 GMT+0100 (CET)", 
                    "options": {
                        "sousquest": [
                            {
                                "code": "satisfaction_relations_amicales", 
                                "subtitle": "Cette semaine, êtes-vous satisfait(e) de vos relations amicales ?", 
                                "title": "", 
                                "value": 8, 
                                "answered": "false", 
                                "answerType": "Range", 
                                "questionOptions": [], 
                                "datefinished": "nan", 
                                "options": {
                                    "max": 10, 
                                    "maxLabel": "Totalement", 
                                    "minLabel": "Pas du tout", 
                                    "min": 0
                                }
                            }
                        ], 
                        "if": "true"
                    }
                }, 
                {
                    "code": "satisfaction_relations_professionnelles_sans_contact", 
                    "subtitle": "J'ai des relations professionnelles actuellement", 
                    "title": "", 
                    "answered": "ignored", 
                    "answerType": "YesNo", 
                    "questionOptions": [], 
                    "checked": false, 
                    "datefinished": "nan", 
                    "options": {
                        "sousquest": [
                            {
                                "code": "satisfaction_relations_professionnelles", 
                                "subtitle": "Cette semaine, êtes-vous satisfait(e) de vos relations professionnelles ?", 
                                "title": "", 
                                "value": 0, 
                                "answered": "false", 
                                "answerType": "Range", 
                                "questionOptions": [], 
                                "datefinished": "nan", 
                                "options": {
                                    "max": 10, 
                                    "maxLabel": "Totalement", 
                                    "minLabel": "Pas du tout", 
                                    "min": 0
                                }
                            }
                        ], 
                        "if": "true"
                    }
                }, 
                {
                    "code": "conflits", 
                    "subtitle": "Avez-vous vécu des conflits relationnels cette semaine ?", 
                    "title": "", 
                    "answered": "true", 
                    "answerType": "YesNo", 
                    "questionOptions": [], 
                    "checked": false, 
                    "datefinished": "Sat Mar 02 2019 19:07:37 GMT+0100 (CET)", 
                    "options": {
                        "sousquest": [
                            {
                                "code": "conflits_contact", 
                                "subtitle": "Sélectionnez la personne impliquée si elle figure parmi les personnes importantes pour vous", 
                                "title": "", 
                                "value": "contact", 
                                "answered": "false", 
                                "answerType": "Contact", 
                                "questionOptions": [], 
                                "datefinished": "nan", 
                                "options": {}
                            }, 
                            {
                                "code": "conflits_reaction", 
                                "subtitle": "Comment avez-vous réagi ?", 
                                "title": "", 
                                "value": "", 
                                "answered": "false", 
                                "answerType": "Text", 
                                "questionOptions": [], 
                                "datefinished": "nan", 
                                "options": {}
                            }, 
                            {
                                "code": "conflits_type", 
                                "subtitle": "Ou indiquez si ce(s) conflit(s) étai(en)t", 
                                "title": "", 
                                "answered": "false", 
                                "answerType": "Checkbox", 
                                "questionOptions": [
                                    {
                                        "text": "familial", 
                                        "checked": "false", 
                                        "value": "familiaux"
                                    }, 
                                    {
                                        "text": "amical", 
                                        "checked": "false", 
                                        "value": "amicaux"
                                    }, 
                                    {
                                        "text": "professionnel", 
                                        "checked": "false", 
                                        "value": "professionnels"
                                    }, 
                                    {
                                        "text": "autre", 
                                        "checked": "false", 
                                        "value": "autre"
                                    }
                                ], 
                                "datefinished": "nan", 
                                "options": {}
                            }
                        ], 
                        "if": "true"
                    }
                }, 
                {
                    "code": "qualite_de_vie", 
                    "subtitle": "Cette semaine, est-ce que votre qualité de vie vous paraît :", 
                    "title": "", 
                    "value": 8, 
                    "answered": "true", 
                    "answerType": "Range", 
                    "questionOptions": [], 
                    "datefinished": "Sat Mar 02 2019 19:07:41 GMT+0100 (CET)", 
                    "options": {
                        "max": 10, 
                        "maxLabel": "Très bien", 
                        "minLabel": "Pas bien du tout", 
                        "min": 0
                    }
                }, 
                {
                    "code": "heures_loisirs", 
                    "subtitle": "Cette semaine, combien de temps (en heures) avez-vous passé à vos loisirs ?", 
                    "title": "", 
                    "value": "50", 
                    "answered": "true", 
                    "answerType": "Input", 
                    "questionOptions": [], 
                    "datefinished": "Sat Mar 02 2019 19:07:50 GMT+0100 (CET)", 
                    "options": {
                        "max": 168, 
                        "type": "number", 
                        "min": 0
                    }
                }, 
                {
                    "code": "plaisir_activites", 
                    "subtitle": "Avez-vous pris du plaisir dans vos activités cette semaine ?", 
                    "title": "", 
                    "value": 7, 
                    "answered": "true", 
                    "answerType": "Range", 
                    "questionOptions": [], 
                    "datefinished": "Sat Mar 02 2019 19:07:54 GMT+0100 (CET)", 
                    "options": {
                        "max": 10, 
                        "maxLabel": "Beaucoup", 
                        "minLabel": "Pas du tout", 
                        "min": 0
                    }
                }, 
                {
                    "code": "sens", 
                    "subtitle": "Qu'est-ce qui a eu du sens pour vous cette semaine ?", 
                    "title": "", 
                    "value": "", 
                    "answered": "false", 
                    "answerType": "Text", 
                    "questionOptions": [], 
                    "datefinished": "nan", 
                    "options": {}
                }, 
                {
                    "code": "bon_moments", 
                    "subtitle": "Quels ont étés les bons moments que vous avez passés cette semaine ?", 
                    "title": "", 
                    "graph": true, 
                    "value": "", 
                    "answered": "false", 
                    "answerType": "Text", 
                    "questionOptions": [], 
                    "datefinished": "nan", 
                    "options": {}
                }, 
                {
                    "code": "semaine_prochaine", 
                    "subtitle": "Quel domaine de votre vie allez-vous particulièrement investir la semaine à venir ?", 
                    "title": "", 
                    "value": "", 
                    "answered": "false", 
                    "answerType": "Text", 
                    "questionOptions": [], 
                    "datefinished": "nan", 
                    "options": {}
                }, 
                {
                    "code": "modif_pers_imp", 
                    "subtitle": "Souhaitez-vous apporter des modifications aux données concernant les personnes importantes et/ou qui prennent de la place ?", 
                    "title": "", 
                    "answered": "false", 
                    "answerType": "YesNo", 
                    "questionOptions": [], 
                    "checked": false, 
                    "datefinished": "nan", 
                    "options": {}
                }
            ]
        }
    ]
}