{
    "items": [
        {
            "name": "Se promener", 
            "val": 4, 
            "_rev": "1-7abbcedac00a4457a826a6ffb60b7caa", 
            "suggitem": true, 
            "_id": "07ad163a-991e-467f-97ff-940726269acc", 
            "type": "activ"
        }, 
        {
            "tel": "+33622520473", 
            "name": "MAMAN", 
            "img": "", 
            "_rev": "1-240c26b8d27449a58d5bdcf5823b245b", 
            "_id": "16d35d8e-129a-4d35-b06b-ea9970ff7a01", 
            "type": "persUrg"
        }, 
        {
            "name": "Aller à une fête", 
            "val": 15, 
            "_rev": "1-60cb322e9ea6452eb9b228266b7ea788", 
            "suggitem": true, 
            "_id": "178d9fdd-ea74-49ac-8a4e-524eda80d539", 
            "type": "activ"
        }, 
        {
            "tel": "06 10 43 04 99", 
            "name": "Kiap", 
            "img": "/var/mobile/Containers/Data/Application/C41D564C-9D50-41BC-A8B5-751761D18842/tmp/contact_photo_309", 
            "_rev": "1-5dc149de600b4d3f9fc3b0539f3958b1", 
            "_id": "299ef573-4595-4272-9bfb-5f7efaf6d16b", 
            "type": "persUrg"
        }, 
        {
            "name": "Discuter", 
            "val": 10, 
            "_rev": "1-bf21611be4fd49bd9c6eb6c8767fca5e", 
            "suggitem": true, 
            "_id": "303d444f-1936-41f9-a697-fd853800718e", 
            "type": "activ"
        }, 
        {
            "tel": "0627537763", 
            "name": "Mon LULU", 
            "img": "", 
            "_rev": "1-067295ba59524190908741f879ad60a8", 
            "_id": "57995171-5b53-4a29-a5a5-9f572680a143", 
            "type": "persUrg"
        }, 
        {
            "name": "Faire un cadeau à quelqu'un", 
            "val": 12, 
            "_rev": "1-985c3f811b55480dbb6449cd8e0b3b31", 
            "suggitem": true, 
            "_id": "5d30272b-5f2d-451c-8612-59ea577d1370", 
            "type": "activ"
        }, 
        {
            "name": "Aller au cinéma, au théâtre, au musée, à un concert", 
            "val": 2, 
            "_rev": "1-50b7af492e6240699b4d8878684eb6cb", 
            "suggitem": true, 
            "_id": "5f79cdc7-d115-4225-9eba-ce4303256f29", 
            "type": "activ"
        }, 
        {
            "type": "notifTime", 
            "_rev": "3-fe7f5b8835f448eeb3c848879aa3412d", 
            "_id": "84ce0ab2-df40-4faa-8d92-ac7a8fa61d00", 
            "notifstart": "2019-02-04T10:00:32.967Z", 
            "notifend": "2019-02-04T20:00:32.967Z"
        }, 
        {
            "tel": "06 22 60 53 37", 
            "name": "PAPA", 
            "img": "", 
            "_rev": "1-f0e89a77217f4c82b3cfe3f304f2b20c", 
            "_id": "c29bc2c8-5e82-4ea0-8c41-9fce0976add7", 
            "type": "persUrg"
        }, 
        {
            "name": "Regarder un film/série TV/vidéos", 
            "val": 3, 
            "_rev": "1-911314d1238e4d989bf8e397c959abdd", 
            "suggitem": true, 
            "_id": "d5815bf4-0cb4-42b3-971a-04dbc702ffcd", 
            "type": "activ"
        }, 
        {
            "name": "Passer un moment avec des amis", 
            "val": 8, 
            "_rev": "1-4ea02367fa7d49e590be5dd175c178d7", 
            "suggitem": true, 
            "_id": "f7cd5302-ac26-4921-8e02-75f20f22ad95", 
            "type": "activ"
        }, 
        {
            "name": "Écouter de la musique, la radio", 
            "val": 5, 
            "_rev": "1-33711c2a09684fd292bc7f0d00f89425", 
            "suggitem": true, 
            "_id": "fadc3ab5-2358-47dc-b177-bb1097201b2d", 
            "type": "activ"
        }
    ], 
    "logs": [
        {
            "IDuser": "mka30", 
            "action": "login", 
            "data": "2019-02-10T17:21:02.720Z"
        }, 
        {
            "IDuser": "mka30", 
            "action": "login", 
            "data": "2019-02-08T10:48:17.664Z"
        }, 
        {
            "IDuser": "mka30", 
            "action": "login", 
            "data": "2019-02-09T17:00:17.386Z"
        }, 
        {
            "IDuser": "mka30", 
            "action": "AppelProche", 
            "data": "2019-02-04T15:40:24.232Z"
        }, 
        {
            "IDuser": "mka30", 
            "action": "AppelCentre", 
            "data": "2019-02-04T18:11:17.614Z"
        }, 
        {
            "IDuser": "mka30", 
            "action": "Appel15", 
            "data": "2019-02-04T18:11:22.635Z"
        }, 
        {
            "IDuser": "mka30", 
            "action": "login", 
            "data": "2019-02-05T07:48:38.655Z"
        }, 
        {
            "IDuser": "mka30", 
            "action": "login", 
            "data": "2019-03-05T10:24:33.935Z"
        }, 
        {
            "IDuser": "mka30", 
            "action": "AppelProche", 
            "data": "2019-02-04T15:40:34.763Z"
        }, 
        {
            "IDuser": "mka30", 
            "action": "Appel15", 
            "data": "2019-02-04T18:11:17.644Z"
        }, 
        {
            "IDuser": "mka30", 
            "action": "login", 
            "data": "2019-02-06T12:05:02.774Z"
        }, 
        {
            "IDuser": "mka30", 
            "action": "AppelUrgence", 
            "data": "2019-02-04T15:39:23.352Z"
        }, 
        {
            "IDuser": "mka30", 
            "action": "AppelProche", 
            "data": "2019-02-04T15:40:28.547Z"
        }
    ], 
    "quests": [
        {
            "status": "answered", 
            "img": "assets/img/iconsnew/ques/socio.png", 
            "_rev": "1-9c8d2405902f4f0a848ff1083f1efc85", 
            "datedue": "Mon Feb 04 2019 16:32:12 GMT+0100 (CET)", 
            "denom": "Socio-démographique", 
            "freq": "none", 
            "_id": "1fb2468b-b728-49a8-a8a2-35ef859131dd", 
            "type": "Socio-démographique", 
            "datefinished": "Mon Feb 04 2019 16:34:21 GMT+0100 (CET)", 
            "dataquestionnaire": [
                {
                    "code": "age", 
                    "subtitle": "Quel âge avez-vous ?", 
                    "title": "", 
                    "value": "31", 
                    "answered": "true", 
                    "answerType": "Input", 
                    "questionOptions": [], 
                    "datefinished": "Mon Feb 04 2019 16:32:17 GMT+0100 (CET)", 
                    "options": {
                        "max": 100, 
                        "type": "number", 
                        "min": 0
                    }
                }, 
                {
                    "code": "orientation_sexuelle", 
                    "subtitle": "Quelle est votre orientation sexuelle ?", 
                    "title": "", 
                    "selItem": "heterosexuel", 
                    "answered": "true", 
                    "answerType": "Radio", 
                    "questionOptions": [
                        {
                            "text": "hétérosexuel(le)", 
                            "checked": "false", 
                            "value": "heterosexuel"
                        }, 
                        {
                            "text": "homosexuel(le)", 
                            "checked": "false", 
                            "value": "homosexuel"
                        }, 
                        {
                            "text": "bi-sexuel(le)", 
                            "checked": "false", 
                            "value": "bi-sexuel"
                        }, 
                        {
                            "text": "autre", 
                            "checked": "false", 
                            "value": "autre"
                        }
                    ], 
                    "datefinished": "Mon Feb 04 2019 16:32:39 GMT+0100 (CET)", 
                    "options": {}
                }, 
                {
                    "code": "categorie_socioprofessionnelle", 
                    "subtitle": "Quelle est votre catégorie socio-professionnelle ?", 
                    "title": "", 
                    "selItem": "artisans_commercants_chefs_entreprise", 
                    "answered": "true", 
                    "answerType": "Radio", 
                    "questionOptions": [
                        {
                            "text": "agriculteurs exploitants", 
                            "checked": "false", 
                            "value": "agriculteurs"
                        }, 
                        {
                            "text": "artisans, commerçants et chefs d'entreprise", 
                            "checked": "false", 
                            "value": "artisans_commercants_chefs_entreprise"
                        }, 
                        {
                            "text": "cadres et professions intellectuelles supérieures", 
                            "checked": "false", 
                            "value": "cadres"
                        }, 
                        {
                            "text": "professions intermédiaires", 
                            "checked": "false", 
                            "value": "intermediaires"
                        }, 
                        {
                            "text": "employés", 
                            "checked": "false", 
                            "value": "employes"
                        }, 
                        {
                            "text": "ouvriers", 
                            "checked": "false", 
                            "value": "ouvriers"
                        }, 
                        {
                            "text": "étudiants", 
                            "checked": "false", 
                            "value": "étudiants"
                        }, 
                        {
                            "text": "retraités", 
                            "checked": "false", 
                            "value": "retraites"
                        }, 
                        {
                            "text": "sans activité professionnelle", 
                            "checked": "false", 
                            "value": "sans_activite"
                        }, 
                        {
                            "text": "autres", 
                            "checked": "false", 
                            "value": "autres"
                        }
                    ], 
                    "datefinished": "Mon Feb 04 2019 16:32:50 GMT+0100 (CET)", 
                    "options": {}
                }, 
                {
                    "code": "revenus", 
                    "subtitle": "Quel est votre niveau de revenu mensuel ?", 
                    "title": "", 
                    "selItem": "1000-1500euros", 
                    "answered": "true", 
                    "answerType": "Radio", 
                    "questionOptions": [
                        {
                            "text": "<500 euros", 
                            "checked": "false", 
                            "value": "inf500euros"
                        }, 
                        {
                            "text": " 500-1000 euros", 
                            "checked": "false", 
                            "value": " 500-1000euros"
                        }, 
                        {
                            "text": "1000-1500 euros", 
                            "checked": "false", 
                            "value": "1000-1500euros"
                        }, 
                        {
                            "text": " 1500-2000 euros", 
                            "checked": "false", 
                            "value": " 1500-2000euros"
                        }, 
                        {
                            "text": "2000-2500 euros", 
                            "checked": "false", 
                            "value": "2000-2500euros"
                        }, 
                        {
                            "text": ">2500 euros", 
                            "checked": "false", 
                            "value": "sup2500euros"
                        }, 
                        {
                            "text": "NSP", 
                            "checked": "false", 
                            "value": "NSP"
                        }
                    ], 
                    "datefinished": "Mon Feb 04 2019 16:33:05 GMT+0100 (CET)", 
                    "options": {}
                }, 
                {
                    "code": "prestations_sociales", 
                    "subtitle": "Recevez-vous des prestations sociales ?", 
                    "title": "", 
                    "answered": "true", 
                    "answerType": "YesNo", 
                    "questionOptions": [], 
                    "checked": false, 
                    "datefinished": "Mon Feb 04 2019 16:33:15 GMT+0100 (CET)", 
                    "options": {
                        "sousquest": [
                            {
                                "code": "prestations_sociales_precisions", 
                                "subtitle": "Laquelle/Lesquelles ?", 
                                "title": "", 
                                "value": "", 
                                "answered": "false", 
                                "answerType": "Input", 
                                "questionOptions": [], 
                                "datefinished": "nan", 
                                "options": {
                                    "type": "text"
                                }
                            }
                        ], 
                        "if": "true"
                    }
                }, 
                {
                    "code": "foyer", 
                    "subtitle": "Vivez-vous :", 
                    "title": "", 
                    "selItem": "famille", 
                    "answered": "true", 
                    "answerType": "Radio", 
                    "questionOptions": [
                        {
                            "text": "seul(e)", 
                            "checked": "false", 
                            "value": "seul"
                        }, 
                        {
                            "text": "en couple", 
                            "checked": "false", 
                            "value": "couple"
                        }, 
                        {
                            "text": "en famille", 
                            "checked": "false", 
                            "value": "famille"
                        }, 
                        {
                            "text": "en collocation", 
                            "checked": "false", 
                            "value": "collocation"
                        }, 
                        {
                            "text": "autre", 
                            "checked": "false", 
                            "value": "autre"
                        }
                    ], 
                    "datefinished": "Mon Feb 04 2019 16:33:19 GMT+0100 (CET)", 
                    "options": {}
                }, 
                {
                    "code": "enfants", 
                    "subtitle": "Avez-vous des enfants ?", 
                    "title": "", 
                    "answered": "true", 
                    "answerType": "YesNo", 
                    "questionOptions": [], 
                    "checked": false, 
                    "datefinished": "Mon Feb 04 2019 16:33:21 GMT+0100 (CET)", 
                    "options": {
                        "sousquest": [
                            {
                                "code": "enfants_combien", 
                                "subtitle": "Combien ?", 
                                "title": "", 
                                "value": "", 
                                "answered": "false", 
                                "answerType": "Input", 
                                "questionOptions": [], 
                                "datefinished": "nan", 
                                "options": {
                                    "max": 100, 
                                    "type": "number", 
                                    "min": 0
                                }
                            }, 
                            {
                                "code": "enfants_avec_parent", 
                                "subtitle": "Est-ce que vos enfant(s) vit/vivent avec vous ?", 
                                "title": "", 
                                "selItem": "", 
                                "answered": "false", 
                                "answerType": "Radio", 
                                "questionOptions": [
                                    {
                                        "text": "tout le temps", 
                                        "checked": "false", 
                                        "value": "tout"
                                    }, 
                                    {
                                        "text": "partiellement (garde partagée)", 
                                        "checked": "false", 
                                        "value": "part"
                                    }, 
                                    {
                                        "text": "jamais", 
                                        "checked": "false", 
                                        "value": "jam"
                                    }
                                ], 
                                "datefinished": "nan", 
                                "options": {}
                            }
                        ], 
                        "if": "true"
                    }
                }, 
                {
                    "code": "beaux_enfants", 
                    "subtitle": "Avez-vous des beaux-enfants ?", 
                    "title": "", 
                    "answered": "true", 
                    "answerType": "YesNo", 
                    "questionOptions": [], 
                    "checked": false, 
                    "datefinished": "Mon Feb 04 2019 16:33:24 GMT+0100 (CET)", 
                    "options": {
                        "sousquest": [
                            {
                                "code": "beaux_enfants_combien", 
                                "subtitle": "Combien ?", 
                                "title": "", 
                                "value": "", 
                                "answered": "false", 
                                "answerType": "Input", 
                                "questionOptions": [], 
                                "datefinished": "nan", 
                                "options": {
                                    "max": 100, 
                                    "type": "number", 
                                    "min": 0
                                }
                            }, 
                            {
                                "code": "beaux_enfants_avec_parent", 
                                "subtitle": "Est-ce que le/les enfant(s) de votre conjoint(e) vit/vivent avec vous ?", 
                                "title": "", 
                                "selItem": "", 
                                "answered": "false", 
                                "answerType": "Radio", 
                                "questionOptions": [
                                    {
                                        "text": "tout le temps", 
                                        "checked": "false", 
                                        "value": "tout"
                                    }, 
                                    {
                                        "text": "partiellement (garde partagée)", 
                                        "checked": "false", 
                                        "value": "part"
                                    }, 
                                    {
                                        "text": "jamais", 
                                        "checked": "false", 
                                        "value": "jam"
                                    }
                                ], 
                                "datefinished": "nan", 
                                "options": {}
                            }
                        ], 
                        "if": "true"
                    }
                }, 
                {
                    "code": "maladie_psychiatrique_passe", 
                    "subtitle": "Avez-vous eu par le passé une maladie psychiatrique ?", 
                    "title": "", 
                    "answered": "true", 
                    "answerType": "YesNo", 
                    "questionOptions": [], 
                    "checked": true, 
                    "datefinished": "Mon Feb 04 2019 16:33:40 GMT+0100 (CET)", 
                    "options": {
                        "sousquest": [
                            {
                                "code": "maladie_psychiatrique_passe_precisions", 
                                "subtitle": "Laquelle / Lesquelles ?", 
                                "title": "", 
                                "value": "Borderline ", 
                                "answered": "false", 
                                "answerType": "Input", 
                                "questionOptions": [], 
                                "datefinished": "nan", 
                                "options": {
                                    "type": "text"
                                }
                            }
                        ], 
                        "if": "true"
                    }
                }, 
                {
                    "code": "maladie_psychiatrique_famille", 
                    "subtitle": "Est-ce que des membres de votre famille ont ou ont eu des maladies psychiatriques ?", 
                    "title": "", 
                    "answered": "true", 
                    "answerType": "YesNo", 
                    "questionOptions": [], 
                    "checked": false, 
                    "datefinished": "Mon Feb 04 2019 16:33:43 GMT+0100 (CET)", 
                    "options": {
                        "sousquest": [
                            {
                                "code": "maladie_psychiatrique_famille_precisions", 
                                "subtitle": "Quel(s) membre(s) de votre famille a/ont eu quelle(s) maladie(s) ?", 
                                "title": "", 
                                "value": "", 
                                "answered": "false", 
                                "answerType": "Text", 
                                "questionOptions": [], 
                                "datefinished": "nan", 
                                "options": {}
                            }
                        ], 
                        "if": "true"
                    }
                }, 
                {
                    "code": "tentatives_suicide", 
                    "subtitle": "Avez-vous déjà fait une/des tentative(s) de suicide ?", 
                    "title": "", 
                    "answered": "true", 
                    "answerType": "YesNo", 
                    "questionOptions": [], 
                    "checked": true, 
                    "datefinished": "Mon Feb 04 2019 16:33:49 GMT+0100 (CET)", 
                    "options": {
                        "sousquest": [
                            {
                                "code": "tentatives_suicide_precisions", 
                                "subtitle": "Combien ?", 
                                "title": "", 
                                "value": "10", 
                                "answered": "false", 
                                "answerType": "Input", 
                                "questionOptions": [], 
                                "datefinished": "nan", 
                                "options": {
                                    "max": 100, 
                                    "type": "number", 
                                    "min": 0
                                }
                            }
                        ], 
                        "if": "true"
                    }
                }, 
                {
                    "code": "tentatives_suicide_famille", 
                    "subtitle": "Est-ce que des membres de votre famille ont fait une/ des tentative(s) de suicide ?", 
                    "title": "", 
                    "answered": "true", 
                    "answerType": "YesNo", 
                    "questionOptions": [], 
                    "checked": false, 
                    "datefinished": "Mon Feb 04 2019 16:33:52 GMT+0100 (CET)", 
                    "options": {
                        "sousquest": [
                            {
                                "code": "tentatives_suicide_famille_precisions", 
                                "subtitle": "Qui ?", 
                                "title": "", 
                                "value": "", 
                                "answered": "false", 
                                "answerType": "Input", 
                                "questionOptions": [], 
                                "datefinished": "nan", 
                                "options": {
                                    "type": "text"
                                }
                            }
                        ], 
                        "if": "true"
                    }
                }, 
                {
                    "code": "agitation_tension_emotionnelle", 
                    "subtitle": "À partir de quel niveau de tension émotionnelle vous sentez-vous en détresse ?", 
                    "title": "", 
                    "required": true, 
                    "value": 8, 
                    "answered": "true", 
                    "answerType": "Range", 
                    "questionOptions": [], 
                    "datefinished": "Mon Feb 04 2019 16:34:21 GMT+0100 (CET)", 
                    "options": {
                        "max": 10, 
                        "maxLabel": "", 
                        "minLabel": "", 
                        "min": 0
                    }
                }
            ]
        }, 
        {
            "status": "answered", 
            "img": "assets/img/iconsnew/ques/hebdo.png", 
            "_rev": "2-cc6b238b49fc4634866406cd543ac65e", 
            "datedue": "2019-02-08T23:00:00.753Z", 
            "prog": 100, 
            "denom": "Hebdomadaire", 
            "datefinished": "Sat Feb 09 2019 18:06:04 GMT+0100 (CET)", 
            "_id": "ab399967-4497-4ece-840b-8a26c1400049", 
            "type": "Hebdomadaire", 
            "freq": "none", 
            "dataquestionnaire": [
                {
                    "code": "q1_douleur_psy", 
                    "subtitle": "Quel est votre niveau de douleur psychologique <strong>maintenant</strong> ?", 
                    "title": "", 
                    "required": true, 
                    "value": 8, 
                    "answered": "true", 
                    "answerType": "Range", 
                    "questionOptions": [], 
                    "datefinished": "Sat Feb 09 2019 18:01:33 GMT+0100 (CET)", 
                    "options": {
                        "min": 0, 
                        "max": 10, 
                        "sousquest": [
                            {
                                "code": "q2_intens_idees_suicid", 
                                "subtitle": "Quelle est l'intensité de vos idées de suicide <strong>maintenant</strong> ?", 
                                "title": "", 
                                "required": true, 
                                "value": 2, 
                                "answered": "false", 
                                "answerType": "Range", 
                                "questionOptions": [], 
                                "datefinished": "nan", 
                                "options": {
                                    "max": 10, 
                                    "maxLabel": "", 
                                    "minLabel": "", 
                                    "min": 0
                                }
                            }, 
                            {
                                "code": "q3_intensite_tuer", 
                                "subtitle": "Quelle est l'intensité de votre intention de vous tuer ?", 
                                "title": "", 
                                "value": 1, 
                                "answered": "false", 
                                "answerType": "Range", 
                                "questionOptions": [], 
                                "datefinished": "nan", 
                                "options": {
                                    "max": 10, 
                                    "maxLabel": "", 
                                    "minLabel": "", 
                                    "min": 0
                                }
                            }
                        ], 
                        "maxLabel": "Extrême", 
                        "minLabel": "Nul", 
                        "if": "5"
                    }
                }, 
                {
                    "code": "douleur_morale_moyen", 
                    "subtitle": "Quel a été votre niveau de douleur psychologique <strong>moyen</strong> cette semaine ?", 
                    "title": "", 
                    "value": 6, 
                    "answered": "true", 
                    "answerType": "Range", 
                    "questionOptions": [], 
                    "datefinished": "Sat Feb 09 2019 18:02:16 GMT+0100 (CET)", 
                    "options": {
                        "min": 0, 
                        "max": 10, 
                        "sousquest": [
                            {
                                "code": "idees_suicidaires_moyen", 
                                "subtitle": "Quel a été votre niveau de douleur psychologique <strong>moyen</strong> cette semaine ?", 
                                "title": "", 
                                "value": 6, 
                                "answered": "false", 
                                "answerType": "Range", 
                                "questionOptions": [], 
                                "datefinished": "nan", 
                                "options": {
                                    "max": 10, 
                                    "maxLabel": "", 
                                    "minLabel": "", 
                                    "min": 0
                                }
                            }, 
                            {
                                "code": "intens_moy_tuer", 
                                "subtitle": "Quelle a été l'intensité de votre intention de vous tuer cette semaine ?", 
                                "title": "", 
                                "value": 2, 
                                "answered": "false", 
                                "answerType": "Range", 
                                "questionOptions": [], 
                                "datefinished": "nan", 
                                "options": {
                                    "max": 10, 
                                    "maxLabel": "Extrême", 
                                    "minLabel": "Nul", 
                                    "min": 0
                                }
                            }
                        ], 
                        "maxLabel": "Extrême", 
                        "minLabel": "Nul", 
                        "if": "5"
                    }
                }, 
                {
                    "code": "douleurs_max", 
                    "subtitle": "Quel a été votre niveau de douleur psychologique <strong>maximum</strong> cette semaine ?", 
                    "title": "", 
                    "value": 4, 
                    "answered": "true", 
                    "answerType": "Range", 
                    "questionOptions": [], 
                    "datefinished": "Sat Feb 09 2019 18:02:24 GMT+0100 (CET)", 
                    "options": {
                        "max": 10, 
                        "maxLabel": "", 
                        "minLabel": "", 
                        "min": 0
                    }
                }, 
                {
                    "code": "q8_agitation_tension_hebdo", 
                    "subtitle": "Quel est votre niveau d'agitation ou de tension émotionnelle <strong>maintenant</strong> ?", 
                    "title": "", 
                    "required": true, 
                    "value": 8, 
                    "answered": "true", 
                    "answerType": "Range", 
                    "questionOptions": [], 
                    "datefinished": "Sat Feb 09 2019 18:02:34 GMT+0100 (CET)", 
                    "options": {
                        "max": 10, 
                        "maxLabel": "Extrême", 
                        "minLabel": "Nul", 
                        "min": 0
                    }
                }, 
                {
                    "code": "agitation_tension_emotionnelle_maximum", 
                    "subtitle": "Quel a été votre niveau d'agitation ou de tension émotionnelle <strong>maximum</strong> cette semaine ?", 
                    "title": "", 
                    "value": 7, 
                    "answered": "true", 
                    "answerType": "Range", 
                    "questionOptions": [], 
                    "datefinished": "Sat Feb 09 2019 18:02:41 GMT+0100 (CET)", 
                    "options": {
                        "max": 10, 
                        "maxLabel": "Extrême", 
                        "minLabel": "Nul", 
                        "min": 0
                    }
                }, 
                {
                    "code": "bonne_semaine", 
                    "subtitle": "Avez-vous passé une bonne semaine ?", 
                    "title": "", 
                    "value": 3, 
                    "answered": "true", 
                    "answerType": "Range", 
                    "questionOptions": [], 
                    "datefinished": "Sat Feb 09 2019 18:02:49 GMT+0100 (CET)", 
                    "options": {
                        "max": 10, 
                        "maxLabel": "Très bonne", 
                        "minLabel": "Très mauvaise", 
                        "min": 0
                    }
                }, 
                {
                    "code": "hospitalisation", 
                    "subtitle": "Avez-vous été hospitalisé(e) ?", 
                    "title": "", 
                    "answered": "true", 
                    "answerType": "Checkbox", 
                    "questionOptions": [
                        {
                            "text": "pour des problèmes psychiatriques", 
                            "checked": false, 
                            "value": "psychiatrique"
                        }, 
                        {
                            "text": "pour des problèmes physiques", 
                            "checked": false, 
                            "value": "physique"
                        }
                    ], 
                    "datefinished": "Sat Feb 09 2019 18:03:05 GMT+0100 (CET)", 
                    "options": {
                        "sousquest": [
                            {
                                "code": "hospitalisation_pourquoi", 
                                "subtitle": "Pourquoi ?", 
                                "title": "", 
                                "value": "", 
                                "answered": "false", 
                                "answerType": "Text", 
                                "questionOptions": [], 
                                "datefinished": "nan", 
                                "options": {}
                            }
                        ], 
                        "if": "check"
                    }
                }, 
                {
                    "code": "urgences_psychiatriques", 
                    "subtitle": "Êtes-vous passé(e) aux urgences psychiatriques ?", 
                    "title": "", 
                    "answered": "true", 
                    "answerType": "YesNo", 
                    "questionOptions": [], 
                    "checked": true, 
                    "datefinished": "Sat Feb 09 2019 18:03:16 GMT+0100 (CET)", 
                    "options": {
                        "sousquest": [
                            {
                                "code": "urgences_psychiatriques_pourquoi", 
                                "subtitle": "Pourquoi ?", 
                                "title": "", 
                                "value": "Ts", 
                                "answered": "false", 
                                "answerType": "Text", 
                                "questionOptions": [], 
                                "datefinished": "nan", 
                                "options": {}
                            }
                        ], 
                        "if": "true"
                    }
                }, 
                {
                    "code": "evenement_negatif", 
                    "subtitle": "Avez-vous vécu un événement particulièrement négatif qui vous a contrarié(e) ou peiné(e) cette semaine ?", 
                    "title": "", 
                    "answered": "true", 
                    "answerType": "YesNo", 
                    "questionOptions": [], 
                    "checked": true, 
                    "datefinished": "Sat Feb 09 2019 18:03:54 GMT+0100 (CET)", 
                    "options": {
                        "sousquest": [
                            {
                                "code": "evenement_negatif_details", 
                                "subtitle": "Décrivez-le:", 
                                "title": "", 
                                "value": "Perte d’un objet que jaimer beaucouo", 
                                "answered": "false", 
                                "answerType": "Text", 
                                "questionOptions": [], 
                                "datefinished": "nan", 
                                "options": {}
                            }
                        ], 
                        "if": "true"
                    }
                }, 
                {
                    "code": "comportements_suicidaires", 
                    "subtitle": "Avez-vous eu des comportements suicidaires cette semaine ?", 
                    "title": "", 
                    "answered": "ignored", 
                    "answerType": "YesNo", 
                    "questionOptions": [], 
                    "checked": false, 
                    "datefinished": "nan", 
                    "options": {
                        "sousquest": [
                            {
                                "code": "comportements_suicidaires_details", 
                                "subtitle": "Pouvez-vous les décrire ?", 
                                "title": "", 
                                "value": "", 
                                "answered": "false", 
                                "answerType": "Text", 
                                "questionOptions": [], 
                                "datefinished": "nan", 
                                "options": {}
                            }, 
                            {
                                "code": "comportements_suicidaires_facteurs_declenchants", 
                                "subtitle": "Avez-vous identifié des facteurs déclenchants ?", 
                                "title": "", 
                                "answered": "false", 
                                "answerType": "YesNo", 
                                "questionOptions": [], 
                                "checked": false, 
                                "datefinished": "nan", 
                                "options": {
                                    "sousquest": [
                                        {
                                            "code": "comportements_suicidaires_facteurs_declenchants_details", 
                                            "subtitle": "Pouvez-vous les décrire ?", 
                                            "title": "", 
                                            "value": "", 
                                            "answered": "false", 
                                            "answerType": "Text", 
                                            "questionOptions": [], 
                                            "datefinished": "nan", 
                                            "options": {}
                                        }
                                    ], 
                                    "if": "true"
                                }
                            }, 
                            {
                                "code": "comportements_suicidaires_aide", 
                                "subtitle": "Avez vous identifié ce qui vous a aidé à les surmonter ?", 
                                "title": "", 
                                "answered": "false", 
                                "answerType": "YesNo", 
                                "questionOptions": [], 
                                "checked": false, 
                                "datefinished": "nan", 
                                "options": {
                                    "sousquest": [
                                        {
                                            "code": "comportements_suicidaires_aide_details", 
                                            "subtitle": "Pouvez-vous les décrire ?", 
                                            "title": "", 
                                            "value": "", 
                                            "answered": "false", 
                                            "answerType": "Text", 
                                            "questionOptions": [], 
                                            "datefinished": "nan", 
                                            "options": {}
                                        }
                                    ], 
                                    "if": "true"
                                }
                            }
                        ], 
                        "if": "true"
                    }
                }, 
                {
                    "code": "bien_etre", 
                    "subtitle": "Quel a été votre niveau de bien-être cette semaine ?", 
                    "title": "", 
                    "value": 2, 
                    "answered": "true", 
                    "answerType": "Range", 
                    "questionOptions": [], 
                    "datefinished": "Sat Feb 09 2019 18:04:03 GMT+0100 (CET)", 
                    "options": {
                        "max": 10, 
                        "maxLabel": "Extrême", 
                        "minLabel": "Nul", 
                        "min": 0
                    }
                }, 
                {
                    "code": "heures_personnes_importantes", 
                    "subtitle": "Combien de temps (en heures) avez-vous passé avec les personnes importantes pour vous sur la semaine écoulée ?", 
                    "title": "", 
                    "value": "10", 
                    "answered": "true", 
                    "answerType": "Input", 
                    "questionOptions": [], 
                    "datefinished": "Sat Feb 09 2019 18:04:16 GMT+0100 (CET)", 
                    "options": {
                        "max": 100, 
                        "type": "number", 
                        "min": 0
                    }
                }, 
                {
                    "code": "satisfaction_relations_familiales_sans_contact", 
                    "subtitle": "J'ai des contacts avec ma famille actuellement", 
                    "title": "", 
                    "answered": "true", 
                    "answerType": "YesNo", 
                    "questionOptions": [], 
                    "checked": true, 
                    "datefinished": "Sat Feb 09 2019 18:04:28 GMT+0100 (CET)", 
                    "options": {
                        "sousquest": [
                            {
                                "code": "satisfaction_relations_familiales", 
                                "subtitle": "Cette semaine, êtes-vous satisfait(e) de vos relations familiales ?", 
                                "title": "", 
                                "value": 6, 
                                "answered": "false", 
                                "answerType": "Range", 
                                "questionOptions": [], 
                                "datefinished": "nan", 
                                "options": {
                                    "max": 10, 
                                    "maxLabel": "Totalement", 
                                    "minLabel": "Pas du tout", 
                                    "min": 0
                                }
                            }
                        ], 
                        "if": "true"
                    }
                }, 
                {
                    "code": "satisfaction_relations_sans_couple", 
                    "subtitle": "Je suis en couple actuellement", 
                    "title": "", 
                    "answered": "ignored", 
                    "answerType": "YesNo", 
                    "questionOptions": [], 
                    "checked": false, 
                    "datefinished": "nan", 
                    "options": {
                        "sousquest": [
                            {
                                "code": "satisfaction_relations_couple", 
                                "subtitle": "Cette semaine, êtes-vous satisfait(e) de vos relations de couple ?", 
                                "title": "", 
                                "value": 0, 
                                "answered": "false", 
                                "answerType": "Range", 
                                "questionOptions": [], 
                                "datefinished": "nan", 
                                "options": {
                                    "max": 10, 
                                    "maxLabel": "Totalement", 
                                    "minLabel": "Pas du tout", 
                                    "min": 0
                                }
                            }
                        ], 
                        "if": "true"
                    }
                }, 
                {
                    "code": "satisfaction_relations_amicales_sans_contact", 
                    "subtitle": "J'ai des contacts avec mes amis actuellement", 
                    "title": "", 
                    "answered": "true", 
                    "answerType": "YesNo", 
                    "questionOptions": [], 
                    "checked": true, 
                    "datefinished": "Sat Feb 09 2019 18:04:38 GMT+0100 (CET)", 
                    "options": {
                        "sousquest": [
                            {
                                "code": "satisfaction_relations_amicales", 
                                "subtitle": "Cette semaine, êtes-vous satisfait(e) de vos relations amicales ?", 
                                "title": "", 
                                "value": 8, 
                                "answered": "false", 
                                "answerType": "Range", 
                                "questionOptions": [], 
                                "datefinished": "nan", 
                                "options": {
                                    "max": 10, 
                                    "maxLabel": "Totalement", 
                                    "minLabel": "Pas du tout", 
                                    "min": 0
                                }
                            }
                        ], 
                        "if": "true"
                    }
                }, 
                {
                    "code": "satisfaction_relations_professionnelles_sans_contact", 
                    "subtitle": "J'ai des relations professionnelles actuellement", 
                    "title": "", 
                    "answered": "true", 
                    "answerType": "YesNo", 
                    "questionOptions": [], 
                    "checked": true, 
                    "datefinished": "Sat Feb 09 2019 18:04:45 GMT+0100 (CET)", 
                    "options": {
                        "sousquest": [
                            {
                                "code": "satisfaction_relations_professionnelles", 
                                "subtitle": "Cette semaine, êtes-vous satisfait(e) de vos relations professionnelles ?", 
                                "title": "", 
                                "value": 6, 
                                "answered": "false", 
                                "answerType": "Range", 
                                "questionOptions": [], 
                                "datefinished": "nan", 
                                "options": {
                                    "max": 10, 
                                    "maxLabel": "Totalement", 
                                    "minLabel": "Pas du tout", 
                                    "min": 0
                                }
                            }
                        ], 
                        "if": "true"
                    }
                }, 
                {
                    "code": "conflits", 
                    "subtitle": "Avez-vous vécu des conflits relationnels cette semaine ?", 
                    "title": "", 
                    "answered": "true", 
                    "answerType": "YesNo", 
                    "questionOptions": [], 
                    "checked": false, 
                    "datefinished": "Sat Feb 09 2019 18:04:55 GMT+0100 (CET)", 
                    "options": {
                        "sousquest": [
                            {
                                "code": "conflits_contact", 
                                "subtitle": "Sélectionnez la personne impliquée si elle figure parmi les personnes importantes pour vous", 
                                "title": "", 
                                "value": "contact", 
                                "answered": "false", 
                                "answerType": "Contact", 
                                "questionOptions": [], 
                                "datefinished": "nan", 
                                "options": {}
                            }, 
                            {
                                "code": "conflits_reaction", 
                                "subtitle": "Comment avez-vous réagi ?", 
                                "title": "", 
                                "value": "", 
                                "answered": "false", 
                                "answerType": "Text", 
                                "questionOptions": [], 
                                "datefinished": "nan", 
                                "options": {}
                            }, 
                            {
                                "code": "conflits_type", 
                                "subtitle": "Ou indiquez si ce(s) conflit(s) étai(en)t", 
                                "title": "", 
                                "answered": "false", 
                                "answerType": "Checkbox", 
                                "questionOptions": [
                                    {
                                        "text": "familial", 
                                        "checked": "false", 
                                        "value": "familiaux"
                                    }, 
                                    {
                                        "text": "amical", 
                                        "checked": "false", 
                                        "value": "amicaux"
                                    }, 
                                    {
                                        "text": "professionnel", 
                                        "checked": "false", 
                                        "value": "professionnels"
                                    }, 
                                    {
                                        "text": "autre", 
                                        "checked": "false", 
                                        "value": "autre"
                                    }
                                ], 
                                "datefinished": "nan", 
                                "options": {}
                            }
                        ], 
                        "if": "true"
                    }
                }, 
                {
                    "code": "qualite_de_vie", 
                    "subtitle": "Cette semaine, est-ce que votre qualité de vie vous paraît :", 
                    "title": "", 
                    "value": 3, 
                    "answered": "true", 
                    "answerType": "Range", 
                    "questionOptions": [], 
                    "datefinished": "Sat Feb 09 2019 18:05:24 GMT+0100 (CET)", 
                    "options": {
                        "max": 10, 
                        "maxLabel": "Très bien", 
                        "minLabel": "Pas bien du tout", 
                        "min": 0
                    }
                }, 
                {
                    "code": "heures_loisirs", 
                    "subtitle": "Cette semaine, combien de temps (en heures) avez-vous passé à vos loisirs ?", 
                    "title": "", 
                    "value": "5", 
                    "answered": "true", 
                    "answerType": "Input", 
                    "questionOptions": [], 
                    "datefinished": "Sat Feb 09 2019 18:05:32 GMT+0100 (CET)", 
                    "options": {
                        "max": 168, 
                        "type": "number", 
                        "min": 0
                    }
                }, 
                {
                    "code": "plaisir_activites", 
                    "subtitle": "Avez-vous pris du plaisir dans vos activités cette semaine ?", 
                    "title": "", 
                    "value": 4, 
                    "answered": "true", 
                    "answerType": "Range", 
                    "questionOptions": [], 
                    "datefinished": "Sat Feb 09 2019 18:05:38 GMT+0100 (CET)", 
                    "options": {
                        "max": 10, 
                        "maxLabel": "Beaucoup", 
                        "minLabel": "Pas du tout", 
                        "min": 0
                    }
                }, 
                {
                    "code": "sens", 
                    "subtitle": "Qu'est-ce qui a eu du sens pour vous cette semaine ?", 
                    "title": "", 
                    "value": "", 
                    "answered": "ignored", 
                    "answerType": "Text", 
                    "questionOptions": [], 
                    "datefinished": "nan", 
                    "options": {}
                }, 
                {
                    "code": "bon_moments", 
                    "subtitle": "Quels ont étés les bons moments que vous avez passés cette semaine ?", 
                    "title": "", 
                    "graph": true, 
                    "value": "", 
                    "answered": "ignored", 
                    "answerType": "Text", 
                    "questionOptions": [], 
                    "datefinished": "nan", 
                    "options": {}
                }, 
                {
                    "code": "semaine_prochaine", 
                    "subtitle": "Quel domaine de votre vie allez-vous particulièrement investir la semaine à venir ?", 
                    "title": "", 
                    "value": "Travail", 
                    "answered": "true", 
                    "answerType": "Text", 
                    "questionOptions": [], 
                    "datefinished": "Sat Feb 09 2019 18:05:59 GMT+0100 (CET)", 
                    "options": {}
                }, 
                {
                    "code": "modif_pers_imp", 
                    "subtitle": "Souhaitez-vous apporter des modifications aux données concernant les personnes importantes et/ou qui prennent de la place ?", 
                    "title": "", 
                    "answered": "ignored", 
                    "answerType": "YesNo", 
                    "questionOptions": [], 
                    "checked": false, 
                    "datefinished": "nan", 
                    "options": {}
                }
            ]
        }
    ]
}