{
    "items": [
        {
            "name": "Prendre un bain", 
            "val": 1, 
            "_rev": "1-139c19fae82d4b59a997b8284eef4b0f", 
            "suggitem": true, 
            "_id": "05a9b54e-aaf4-48bc-a812-875eab50cdc2", 
            "type": "activ"
        }, 
        {
            "type": "notifTime", 
            "_rev": "2-288c81dec2f9442181dd1ef62556d6a7", 
            "_id": "e6c13a11-4f81-4e73-8e5f-a5582f7bb6e1", 
            "notifstart": "2019-02-06T14:01:48.748Z", 
            "notifend": "2019-02-07T00:01:48.748Z"
        }
    ], 
    "logs": [
        {
            "IDuser": "mls35", 
            "action": "login", 
            "data": "2019-02-07T13:43:54.209Z"
        }, 
        {
            "IDuser": "mls35", 
            "action": "login", 
            "data": "2019-02-09T00:23:52.359Z"
        }
    ], 
    "quests": [
        {
            "status": "answered", 
            "img": "assets/img/iconsnew/ques/socio.png", 
            "_rev": "1-81ad7fa88a184379a7cd06c133056cfd", 
            "datedue": "Wed Feb 06 2019 15:44:09 GMT+0100 (CET)", 
            "denom": "Socio-démographique", 
            "freq": "none", 
            "_id": "e22fbedf-08c9-4485-a48a-2998e3c6d852", 
            "type": "Socio-démographique", 
            "datefinished": "Wed Feb 06 2019 15:45:47 GMT+0100 (CET)", 
            "dataquestionnaire": [
                {
                    "code": "age", 
                    "subtitle": "Quel âge avez-vous ?", 
                    "title": "", 
                    "value": "25", 
                    "answered": "true", 
                    "answerType": "Input", 
                    "questionOptions": [], 
                    "datefinished": "Wed Feb 06 2019 15:44:13 GMT+0100 (CET)", 
                    "options": {
                        "max": 100, 
                        "type": "number", 
                        "min": 0
                    }
                }, 
                {
                    "code": "orientation_sexuelle", 
                    "subtitle": "Quelle est votre orientation sexuelle ?", 
                    "title": "", 
                    "selItem": "heterosexuel", 
                    "answered": "true", 
                    "answerType": "Radio", 
                    "questionOptions": [
                        {
                            "text": "hétérosexuel(le)", 
                            "checked": "false", 
                            "value": "heterosexuel"
                        }, 
                        {
                            "text": "homosexuel(le)", 
                            "checked": "false", 
                            "value": "homosexuel"
                        }, 
                        {
                            "text": "bi-sexuel(le)", 
                            "checked": "false", 
                            "value": "bi-sexuel"
                        }, 
                        {
                            "text": "autre", 
                            "checked": "false", 
                            "value": "autre"
                        }
                    ], 
                    "datefinished": "Wed Feb 06 2019 15:44:24 GMT+0100 (CET)", 
                    "options": {}
                }, 
                {
                    "code": "categorie_socioprofessionnelle", 
                    "subtitle": "Quelle est votre catégorie socio-professionnelle ?", 
                    "title": "", 
                    "selItem": "employes", 
                    "answered": "true", 
                    "answerType": "Radio", 
                    "questionOptions": [
                        {
                            "text": "agriculteurs exploitants", 
                            "checked": "false", 
                            "value": "agriculteurs"
                        }, 
                        {
                            "text": "artisans, commerçants et chefs d'entreprise", 
                            "checked": "false", 
                            "value": "artisans_commercants_chefs_entreprise"
                        }, 
                        {
                            "text": "cadres et professions intellectuelles supérieures", 
                            "checked": "false", 
                            "value": "cadres"
                        }, 
                        {
                            "text": "professions intermédiaires", 
                            "checked": "false", 
                            "value": "intermediaires"
                        }, 
                        {
                            "text": "employés", 
                            "checked": "false", 
                            "value": "employes"
                        }, 
                        {
                            "text": "ouvriers", 
                            "checked": "false", 
                            "value": "ouvriers"
                        }, 
                        {
                            "text": "étudiants", 
                            "checked": "false", 
                            "value": "étudiants"
                        }, 
                        {
                            "text": "retraités", 
                            "checked": "false", 
                            "value": "retraites"
                        }, 
                        {
                            "text": "sans activité professionnelle", 
                            "checked": "false", 
                            "value": "sans_activite"
                        }, 
                        {
                            "text": "autres", 
                            "checked": "false", 
                            "value": "autres"
                        }
                    ], 
                    "datefinished": "Wed Feb 06 2019 15:44:29 GMT+0100 (CET)", 
                    "options": {}
                }, 
                {
                    "code": "revenus", 
                    "subtitle": "Quel est votre niveau de revenu mensuel ?", 
                    "title": "", 
                    "selItem": "1000-1500euros", 
                    "answered": "true", 
                    "answerType": "Radio", 
                    "questionOptions": [
                        {
                            "text": "<500 euros", 
                            "checked": "false", 
                            "value": "inf500euros"
                        }, 
                        {
                            "text": " 500-1000 euros", 
                            "checked": "false", 
                            "value": " 500-1000euros"
                        }, 
                        {
                            "text": "1000-1500 euros", 
                            "checked": "false", 
                            "value": "1000-1500euros"
                        }, 
                        {
                            "text": " 1500-2000 euros", 
                            "checked": "false", 
                            "value": " 1500-2000euros"
                        }, 
                        {
                            "text": "2000-2500 euros", 
                            "checked": "false", 
                            "value": "2000-2500euros"
                        }, 
                        {
                            "text": ">2500 euros", 
                            "checked": "false", 
                            "value": "sup2500euros"
                        }, 
                        {
                            "text": "NSP", 
                            "checked": "false", 
                            "value": "NSP"
                        }
                    ], 
                    "datefinished": "Wed Feb 06 2019 15:44:46 GMT+0100 (CET)", 
                    "options": {}
                }, 
                {
                    "code": "prestations_sociales", 
                    "subtitle": "Recevez-vous des prestations sociales ?", 
                    "title": "", 
                    "answered": "true", 
                    "answerType": "YesNo", 
                    "questionOptions": [], 
                    "checked": false, 
                    "datefinished": "Wed Feb 06 2019 15:44:50 GMT+0100 (CET)", 
                    "options": {
                        "sousquest": [
                            {
                                "code": "prestations_sociales_precisions", 
                                "subtitle": "Laquelle/Lesquelles ?", 
                                "title": "", 
                                "value": "", 
                                "answered": "false", 
                                "answerType": "Input", 
                                "questionOptions": [], 
                                "datefinished": "nan", 
                                "options": {
                                    "type": "text"
                                }
                            }
                        ], 
                        "if": "true"
                    }
                }, 
                {
                    "code": "foyer", 
                    "subtitle": "Vivez-vous :", 
                    "title": "", 
                    "selItem": "couple", 
                    "answered": "true", 
                    "answerType": "Radio", 
                    "questionOptions": [
                        {
                            "text": "seul(e)", 
                            "checked": "false", 
                            "value": "seul"
                        }, 
                        {
                            "text": "en couple", 
                            "checked": "false", 
                            "value": "couple"
                        }, 
                        {
                            "text": "en famille", 
                            "checked": "false", 
                            "value": "famille"
                        }, 
                        {
                            "text": "en collocation", 
                            "checked": "false", 
                            "value": "collocation"
                        }, 
                        {
                            "text": "autre", 
                            "checked": "false", 
                            "value": "autre"
                        }
                    ], 
                    "datefinished": "Wed Feb 06 2019 15:44:55 GMT+0100 (CET)", 
                    "options": {}
                }, 
                {
                    "code": "enfants", 
                    "subtitle": "Avez-vous des enfants ?", 
                    "title": "", 
                    "answered": "true", 
                    "answerType": "YesNo", 
                    "questionOptions": [], 
                    "checked": false, 
                    "datefinished": "Wed Feb 06 2019 15:44:57 GMT+0100 (CET)", 
                    "options": {
                        "sousquest": [
                            {
                                "code": "enfants_combien", 
                                "subtitle": "Combien ?", 
                                "title": "", 
                                "value": "", 
                                "answered": "false", 
                                "answerType": "Input", 
                                "questionOptions": [], 
                                "datefinished": "nan", 
                                "options": {
                                    "max": 100, 
                                    "type": "number", 
                                    "min": 0
                                }
                            }, 
                            {
                                "code": "enfants_avec_parent", 
                                "subtitle": "Est-ce que vos enfant(s) vit/vivent avec vous ?", 
                                "title": "", 
                                "selItem": "", 
                                "answered": "false", 
                                "answerType": "Radio", 
                                "questionOptions": [
                                    {
                                        "text": "tout le temps", 
                                        "checked": "false", 
                                        "value": "tout"
                                    }, 
                                    {
                                        "text": "partiellement (garde partagée)", 
                                        "checked": "false", 
                                        "value": "part"
                                    }, 
                                    {
                                        "text": "jamais", 
                                        "checked": "false", 
                                        "value": "jam"
                                    }
                                ], 
                                "datefinished": "nan", 
                                "options": {}
                            }
                        ], 
                        "if": "true"
                    }
                }, 
                {
                    "code": "beaux_enfants", 
                    "subtitle": "Avez-vous des beaux-enfants ?", 
                    "title": "", 
                    "answered": "true", 
                    "answerType": "YesNo", 
                    "questionOptions": [], 
                    "checked": false, 
                    "datefinished": "Wed Feb 06 2019 15:45:02 GMT+0100 (CET)", 
                    "options": {
                        "sousquest": [
                            {
                                "code": "beaux_enfants_combien", 
                                "subtitle": "Combien ?", 
                                "title": "", 
                                "value": "", 
                                "answered": "false", 
                                "answerType": "Input", 
                                "questionOptions": [], 
                                "datefinished": "nan", 
                                "options": {
                                    "max": 100, 
                                    "type": "number", 
                                    "min": 0
                                }
                            }, 
                            {
                                "code": "beaux_enfants_avec_parent", 
                                "subtitle": "Est-ce que le/les enfant(s) de votre conjoint(e) vit/vivent avec vous ?", 
                                "title": "", 
                                "selItem": "", 
                                "answered": "false", 
                                "answerType": "Radio", 
                                "questionOptions": [
                                    {
                                        "text": "tout le temps", 
                                        "checked": "false", 
                                        "value": "tout"
                                    }, 
                                    {
                                        "text": "partiellement (garde partagée)", 
                                        "checked": "false", 
                                        "value": "part"
                                    }, 
                                    {
                                        "text": "jamais", 
                                        "checked": "false", 
                                        "value": "jam"
                                    }
                                ], 
                                "datefinished": "nan", 
                                "options": {}
                            }
                        ], 
                        "if": "true"
                    }
                }, 
                {
                    "code": "maladie_psychiatrique_passe", 
                    "subtitle": "Avez-vous eu par le passé une maladie psychiatrique ?", 
                    "title": "", 
                    "answered": "true", 
                    "answerType": "YesNo", 
                    "questionOptions": [], 
                    "checked": false, 
                    "datefinished": "Wed Feb 06 2019 15:45:10 GMT+0100 (CET)", 
                    "options": {
                        "sousquest": [
                            {
                                "code": "maladie_psychiatrique_passe_precisions", 
                                "subtitle": "Laquelle / Lesquelles ?", 
                                "title": "", 
                                "value": "", 
                                "answered": "false", 
                                "answerType": "Input", 
                                "questionOptions": [], 
                                "datefinished": "nan", 
                                "options": {
                                    "type": "text"
                                }
                            }
                        ], 
                        "if": "true"
                    }
                }, 
                {
                    "code": "maladie_psychiatrique_famille", 
                    "subtitle": "Est-ce que des membres de votre famille ont ou ont eu des maladies psychiatriques ?", 
                    "title": "", 
                    "answered": "true", 
                    "answerType": "YesNo", 
                    "questionOptions": [], 
                    "checked": true, 
                    "datefinished": "Wed Feb 06 2019 15:45:32 GMT+0100 (CET)", 
                    "options": {
                        "sousquest": [
                            {
                                "code": "maladie_psychiatrique_famille_precisions", 
                                "subtitle": "Quel(s) membre(s) de votre famille a/ont eu quelle(s) maladie(s) ?", 
                                "title": "", 
                                "value": "Mere depression \n", 
                                "answered": "false", 
                                "answerType": "Text", 
                                "questionOptions": [], 
                                "datefinished": "nan", 
                                "options": {}
                            }
                        ], 
                        "if": "true"
                    }
                }, 
                {
                    "code": "tentatives_suicide", 
                    "subtitle": "Avez-vous déjà fait une/des tentative(s) de suicide ?", 
                    "title": "", 
                    "answered": "true", 
                    "answerType": "YesNo", 
                    "questionOptions": [], 
                    "checked": true, 
                    "datefinished": "Wed Feb 06 2019 15:45:42 GMT+0100 (CET)", 
                    "options": {
                        "sousquest": [
                            {
                                "code": "tentatives_suicide_precisions", 
                                "subtitle": "Combien ?", 
                                "title": "", 
                                "value": "1", 
                                "answered": "false", 
                                "answerType": "Input", 
                                "questionOptions": [], 
                                "datefinished": "nan", 
                                "options": {
                                    "max": 100, 
                                    "type": "number", 
                                    "min": 0
                                }
                            }
                        ], 
                        "if": "true"
                    }
                }, 
                {
                    "code": "tentatives_suicide_famille", 
                    "subtitle": "Est-ce que des membres de votre famille ont fait une/ des tentative(s) de suicide ?", 
                    "title": "", 
                    "answered": "true", 
                    "answerType": "YesNo", 
                    "questionOptions": [], 
                    "checked": false, 
                    "datefinished": "Wed Feb 06 2019 15:45:43 GMT+0100 (CET)", 
                    "options": {
                        "sousquest": [
                            {
                                "code": "tentatives_suicide_famille_precisions", 
                                "subtitle": "Qui ?", 
                                "title": "", 
                                "value": "", 
                                "answered": "false", 
                                "answerType": "Input", 
                                "questionOptions": [], 
                                "datefinished": "nan", 
                                "options": {
                                    "type": "text"
                                }
                            }
                        ], 
                        "if": "true"
                    }
                }, 
                {
                    "code": "agitation_tension_emotionnelle", 
                    "subtitle": "À partir de quel niveau de tension émotionnelle vous sentez-vous en détresse ?", 
                    "title": "", 
                    "required": true, 
                    "value": 10, 
                    "answered": "true", 
                    "answerType": "Range", 
                    "questionOptions": [], 
                    "datefinished": "Wed Feb 06 2019 15:45:47 GMT+0100 (CET)", 
                    "options": {
                        "max": 10, 
                        "maxLabel": "", 
                        "minLabel": "", 
                        "min": 0
                    }
                }
            ]
        }, 
        {
            "status": "answered", 
            "img": "assets/img/iconsnew/ques/hebdo.png", 
            "_rev": "3-10d3ae6aebd342db9489a752d51790d8", 
            "datedue": "2019-02-08T23:00:00.176Z", 
            "prog": 100, 
            "denom": "Hebdomadaire", 
            "datefinished": "Sat Feb 09 2019 01:31:31 GMT+0100 (CET)", 
            "_id": "e47e5f5e-17a7-4184-945f-0c9a6f2912c6", 
            "type": "Hebdomadaire", 
            "freq": "none", 
            "dataquestionnaire": [
                {
                    "code": "q1_douleur_psy", 
                    "subtitle": "Quel est votre niveau de douleur psychologique <strong>maintenant</strong> ?", 
                    "title": "", 
                    "required": true, 
                    "value": 8, 
                    "answered": "true", 
                    "answerType": "Range", 
                    "questionOptions": [], 
                    "datefinished": "Sat Feb 09 2019 01:24:53 GMT+0100 (CET)", 
                    "options": {
                        "min": 0, 
                        "max": 10, 
                        "sousquest": [
                            {
                                "code": "q2_intens_idees_suicid", 
                                "subtitle": "Quelle est l'intensité de vos idées de suicide <strong>maintenant</strong> ?", 
                                "title": "", 
                                "required": true, 
                                "value": 3, 
                                "answered": "false", 
                                "answerType": "Range", 
                                "questionOptions": [], 
                                "datefinished": "nan", 
                                "options": {
                                    "max": 10, 
                                    "maxLabel": "", 
                                    "minLabel": "", 
                                    "min": 0
                                }
                            }, 
                            {
                                "code": "q3_intensite_tuer", 
                                "subtitle": "Quelle est l'intensité de votre intention de vous tuer ?", 
                                "title": "", 
                                "value": 9, 
                                "answered": "false", 
                                "answerType": "Range", 
                                "questionOptions": [], 
                                "datefinished": "nan", 
                                "options": {
                                    "max": 10, 
                                    "maxLabel": "", 
                                    "minLabel": "", 
                                    "min": 0
                                }
                            }
                        ], 
                        "maxLabel": "Extrême", 
                        "minLabel": "Nul", 
                        "if": "5"
                    }
                }, 
                {
                    "code": "douleur_morale_moyen", 
                    "subtitle": "Quel a été votre niveau de douleur psychologique <strong>moyen</strong> cette semaine ?", 
                    "title": "", 
                    "value": 7, 
                    "answered": "true", 
                    "answerType": "Range", 
                    "questionOptions": [], 
                    "datefinished": "Sat Feb 09 2019 01:25:51 GMT+0100 (CET)", 
                    "options": {
                        "min": 0, 
                        "max": 10, 
                        "sousquest": [
                            {
                                "code": "idees_suicidaires_moyen", 
                                "subtitle": "Quel a été votre niveau de douleur psychologique <strong>moyen</strong> cette semaine ?", 
                                "title": "", 
                                "value": 7, 
                                "answered": "false", 
                                "answerType": "Range", 
                                "questionOptions": [], 
                                "datefinished": "nan", 
                                "options": {
                                    "max": 10, 
                                    "maxLabel": "", 
                                    "minLabel": "", 
                                    "min": 0
                                }
                            }, 
                            {
                                "code": "intens_moy_tuer", 
                                "subtitle": "Quelle a été l'intensité de votre intention de vous tuer cette semaine ?", 
                                "title": "", 
                                "value": 3, 
                                "answered": "false", 
                                "answerType": "Range", 
                                "questionOptions": [], 
                                "datefinished": "nan", 
                                "options": {
                                    "max": 10, 
                                    "maxLabel": "Extrême", 
                                    "minLabel": "Nul", 
                                    "min": 0
                                }
                            }
                        ], 
                        "maxLabel": "Extrême", 
                        "minLabel": "Nul", 
                        "if": "5"
                    }
                }, 
                {
                    "code": "douleurs_max", 
                    "subtitle": "Quel a été votre niveau de douleur psychologique <strong>maximum</strong> cette semaine ?", 
                    "title": "", 
                    "value": 7, 
                    "answered": "true", 
                    "answerType": "Range", 
                    "questionOptions": [], 
                    "datefinished": "Sat Feb 09 2019 01:26:01 GMT+0100 (CET)", 
                    "options": {
                        "max": 10, 
                        "maxLabel": "", 
                        "minLabel": "", 
                        "min": 0
                    }
                }, 
                {
                    "code": "q8_agitation_tension_hebdo", 
                    "subtitle": "Quel est votre niveau d'agitation ou de tension émotionnelle <strong>maintenant</strong> ?", 
                    "title": "", 
                    "required": true, 
                    "value": 10, 
                    "answered": "true", 
                    "answerType": "Range", 
                    "questionOptions": [], 
                    "datefinished": "Sat Feb 09 2019 01:26:10 GMT+0100 (CET)", 
                    "options": {
                        "max": 10, 
                        "maxLabel": "Extrême", 
                        "minLabel": "Nul", 
                        "min": 0
                    }
                }, 
                {
                    "code": "agitation_tension_emotionnelle_maximum", 
                    "subtitle": "Quel a été votre niveau d'agitation ou de tension émotionnelle <strong>maximum</strong> cette semaine ?", 
                    "title": "", 
                    "value": 10, 
                    "answered": "true", 
                    "answerType": "Range", 
                    "questionOptions": [], 
                    "datefinished": "Sat Feb 09 2019 01:26:13 GMT+0100 (CET)", 
                    "options": {
                        "max": 10, 
                        "maxLabel": "Extrême", 
                        "minLabel": "Nul", 
                        "min": 0
                    }
                }, 
                {
                    "code": "bonne_semaine", 
                    "subtitle": "Avez-vous passé une bonne semaine ?", 
                    "title": "", 
                    "value": 0, 
                    "answered": "true", 
                    "answerType": "Range", 
                    "questionOptions": [], 
                    "datefinished": "Sat Feb 09 2019 01:26:20 GMT+0100 (CET)", 
                    "options": {
                        "max": 10, 
                        "maxLabel": "Très bonne", 
                        "minLabel": "Très mauvaise", 
                        "min": 0
                    }
                }, 
                {
                    "code": "hospitalisation", 
                    "subtitle": "Avez-vous été hospitalisé(e) ?", 
                    "title": "", 
                    "answered": "true", 
                    "answerType": "Checkbox", 
                    "questionOptions": [
                        {
                            "text": "pour des problèmes psychiatriques", 
                            "checked": true, 
                            "value": "psychiatrique"
                        }, 
                        {
                            "text": "pour des problèmes physiques", 
                            "checked": "false", 
                            "value": "physique"
                        }
                    ], 
                    "datefinished": "Sat Feb 09 2019 01:26:40 GMT+0100 (CET)", 
                    "options": {
                        "sousquest": [
                            {
                                "code": "hospitalisation_pourquoi", 
                                "subtitle": "Pourquoi ?", 
                                "title": "", 
                                "value": "Depression", 
                                "answered": "false", 
                                "answerType": "Text", 
                                "questionOptions": [], 
                                "datefinished": "nan", 
                                "options": {}
                            }
                        ], 
                        "if": "check"
                    }
                }, 
                {
                    "code": "urgences_psychiatriques", 
                    "subtitle": "Êtes-vous passé(e) aux urgences psychiatriques ?", 
                    "title": "", 
                    "answered": "true", 
                    "answerType": "YesNo", 
                    "questionOptions": [], 
                    "checked": true, 
                    "datefinished": "Sat Feb 09 2019 01:26:53 GMT+0100 (CET)", 
                    "options": {
                        "sousquest": [
                            {
                                "code": "urgences_psychiatriques_pourquoi", 
                                "subtitle": "Pourquoi ?", 
                                "title": "", 
                                "value": "Depression", 
                                "answered": "false", 
                                "answerType": "Text", 
                                "questionOptions": [], 
                                "datefinished": "nan", 
                                "options": {}
                            }
                        ], 
                        "if": "true"
                    }
                }, 
                {
                    "code": "evenement_negatif", 
                    "subtitle": "Avez-vous vécu un événement particulièrement négatif qui vous a contrarié(e) ou peiné(e) cette semaine ?", 
                    "title": "", 
                    "answered": "true", 
                    "answerType": "YesNo", 
                    "questionOptions": [], 
                    "checked": true, 
                    "datefinished": "Sat Feb 09 2019 01:27:37 GMT+0100 (CET)", 
                    "options": {
                        "sousquest": [
                            {
                                "code": "evenement_negatif_details", 
                                "subtitle": "Décrivez-le:", 
                                "title": "", 
                                "value": "Dispute conjugale", 
                                "answered": "false", 
                                "answerType": "Text", 
                                "questionOptions": [], 
                                "datefinished": "nan", 
                                "options": {}
                            }
                        ], 
                        "if": "true"
                    }
                }, 
                {
                    "code": "comportements_suicidaires", 
                    "subtitle": "Avez-vous eu des comportements suicidaires cette semaine ?", 
                    "title": "", 
                    "answered": "ignored", 
                    "answerType": "YesNo", 
                    "questionOptions": [], 
                    "checked": false, 
                    "datefinished": "nan", 
                    "options": {
                        "sousquest": [
                            {
                                "code": "comportements_suicidaires_details", 
                                "subtitle": "Pouvez-vous les décrire ?", 
                                "title": "", 
                                "value": "", 
                                "answered": "false", 
                                "answerType": "Text", 
                                "questionOptions": [], 
                                "datefinished": "nan", 
                                "options": {}
                            }, 
                            {
                                "code": "comportements_suicidaires_facteurs_declenchants", 
                                "subtitle": "Avez-vous identifié des facteurs déclenchants ?", 
                                "title": "", 
                                "answered": "false", 
                                "answerType": "YesNo", 
                                "questionOptions": [], 
                                "checked": false, 
                                "datefinished": "nan", 
                                "options": {
                                    "sousquest": [
                                        {
                                            "code": "comportements_suicidaires_facteurs_declenchants_details", 
                                            "subtitle": "Pouvez-vous les décrire ?", 
                                            "title": "", 
                                            "value": "", 
                                            "answered": "false", 
                                            "answerType": "Text", 
                                            "questionOptions": [], 
                                            "datefinished": "nan", 
                                            "options": {}
                                        }
                                    ], 
                                    "if": "true"
                                }
                            }, 
                            {
                                "code": "comportements_suicidaires_aide", 
                                "subtitle": "Avez vous identifié ce qui vous a aidé à les surmonter ?", 
                                "title": "", 
                                "answered": "false", 
                                "answerType": "YesNo", 
                                "questionOptions": [], 
                                "checked": false, 
                                "datefinished": "nan", 
                                "options": {
                                    "sousquest": [
                                        {
                                            "code": "comportements_suicidaires_aide_details", 
                                            "subtitle": "Pouvez-vous les décrire ?", 
                                            "title": "", 
                                            "value": "", 
                                            "answered": "false", 
                                            "answerType": "Text", 
                                            "questionOptions": [], 
                                            "datefinished": "nan", 
                                            "options": {}
                                        }
                                    ], 
                                    "if": "true"
                                }
                            }
                        ], 
                        "if": "true"
                    }
                }, 
                {
                    "code": "bien_etre", 
                    "subtitle": "Quel a été votre niveau de bien-être cette semaine ?", 
                    "title": "", 
                    "value": 0, 
                    "answered": "ignored", 
                    "answerType": "Range", 
                    "questionOptions": [], 
                    "datefinished": "nan", 
                    "options": {
                        "max": 10, 
                        "maxLabel": "Extrême", 
                        "minLabel": "Nul", 
                        "min": 0
                    }
                }, 
                {
                    "code": "heures_personnes_importantes", 
                    "subtitle": "Combien de temps (en heures) avez-vous passé avec les personnes importantes pour vous sur la semaine écoulée ?", 
                    "title": "", 
                    "value": "3", 
                    "answered": "true", 
                    "answerType": "Input", 
                    "questionOptions": [], 
                    "datefinished": "Sat Feb 09 2019 01:28:48 GMT+0100 (CET)", 
                    "options": {
                        "max": 100, 
                        "type": "number", 
                        "min": 0
                    }
                }, 
                {
                    "code": "satisfaction_relations_familiales_sans_contact", 
                    "subtitle": "J'ai des contacts avec ma famille actuellement", 
                    "title": "", 
                    "answered": "ignored", 
                    "answerType": "YesNo", 
                    "questionOptions": [], 
                    "checked": false, 
                    "datefinished": "nan", 
                    "options": {
                        "sousquest": [
                            {
                                "code": "satisfaction_relations_familiales", 
                                "subtitle": "Cette semaine, êtes-vous satisfait(e) de vos relations familiales ?", 
                                "title": "", 
                                "value": 0, 
                                "answered": "false", 
                                "answerType": "Range", 
                                "questionOptions": [], 
                                "datefinished": "nan", 
                                "options": {
                                    "max": 10, 
                                    "maxLabel": "Totalement", 
                                    "minLabel": "Pas du tout", 
                                    "min": 0
                                }
                            }
                        ], 
                        "if": "true"
                    }
                }, 
                {
                    "code": "satisfaction_relations_sans_couple", 
                    "subtitle": "Je suis en couple actuellement", 
                    "title": "", 
                    "answered": "true", 
                    "answerType": "YesNo", 
                    "questionOptions": [], 
                    "checked": true, 
                    "datefinished": "Sat Feb 09 2019 01:28:58 GMT+0100 (CET)", 
                    "options": {
                        "sousquest": [
                            {
                                "code": "satisfaction_relations_couple", 
                                "subtitle": "Cette semaine, êtes-vous satisfait(e) de vos relations de couple ?", 
                                "title": "", 
                                "value": 0, 
                                "answered": "false", 
                                "answerType": "Range", 
                                "questionOptions": [], 
                                "datefinished": "nan", 
                                "options": {
                                    "max": 10, 
                                    "maxLabel": "Totalement", 
                                    "minLabel": "Pas du tout", 
                                    "min": 0
                                }
                            }
                        ], 
                        "if": "true"
                    }
                }, 
                {
                    "code": "satisfaction_relations_amicales_sans_contact", 
                    "subtitle": "J'ai des contacts avec mes amis actuellement", 
                    "title": "", 
                    "answered": "ignored", 
                    "answerType": "YesNo", 
                    "questionOptions": [], 
                    "checked": false, 
                    "datefinished": "nan", 
                    "options": {
                        "sousquest": [
                            {
                                "code": "satisfaction_relations_amicales", 
                                "subtitle": "Cette semaine, êtes-vous satisfait(e) de vos relations amicales ?", 
                                "title": "", 
                                "value": 0, 
                                "answered": "false", 
                                "answerType": "Range", 
                                "questionOptions": [], 
                                "datefinished": "nan", 
                                "options": {
                                    "max": 10, 
                                    "maxLabel": "Totalement", 
                                    "minLabel": "Pas du tout", 
                                    "min": 0
                                }
                            }
                        ], 
                        "if": "true"
                    }
                }, 
                {
                    "code": "satisfaction_relations_professionnelles_sans_contact", 
                    "subtitle": "J'ai des relations professionnelles actuellement", 
                    "title": "", 
                    "answered": "ignored", 
                    "answerType": "YesNo", 
                    "questionOptions": [], 
                    "checked": false, 
                    "datefinished": "nan", 
                    "options": {
                        "sousquest": [
                            {
                                "code": "satisfaction_relations_professionnelles", 
                                "subtitle": "Cette semaine, êtes-vous satisfait(e) de vos relations professionnelles ?", 
                                "title": "", 
                                "value": 0, 
                                "answered": "false", 
                                "answerType": "Range", 
                                "questionOptions": [], 
                                "datefinished": "nan", 
                                "options": {
                                    "max": 10, 
                                    "maxLabel": "Totalement", 
                                    "minLabel": "Pas du tout", 
                                    "min": 0
                                }
                            }
                        ], 
                        "if": "true"
                    }
                }, 
                {
                    "code": "conflits", 
                    "subtitle": "Avez-vous vécu des conflits relationnels cette semaine ?", 
                    "title": "", 
                    "answered": "true", 
                    "answerType": "YesNo", 
                    "questionOptions": [], 
                    "checked": true, 
                    "datefinished": "Sat Feb 09 2019 01:29:37 GMT+0100 (CET)", 
                    "options": {
                        "sousquest": [
                            {
                                "code": "conflits_contact", 
                                "subtitle": "Sélectionnez la personne impliquée si elle figure parmi les personnes importantes pour vous", 
                                "title": "", 
                                "value": "contact", 
                                "answered": "false", 
                                "answerType": "Contact", 
                                "questionOptions": [], 
                                "datefinished": "nan", 
                                "options": {}
                            }, 
                            {
                                "code": "conflits_reaction", 
                                "subtitle": "Comment avez-vous réagi ?", 
                                "title": "", 
                                "value": "", 
                                "answered": "false", 
                                "answerType": "Text", 
                                "questionOptions": [], 
                                "datefinished": "nan", 
                                "options": {}
                            }, 
                            {
                                "code": "conflits_type", 
                                "subtitle": "Ou indiquez si ce(s) conflit(s) étai(en)t", 
                                "title": "", 
                                "answered": "false", 
                                "answerType": "Checkbox", 
                                "questionOptions": [
                                    {
                                        "text": "familial", 
                                        "checked": "false", 
                                        "value": "familiaux"
                                    }, 
                                    {
                                        "text": "amical", 
                                        "checked": "false", 
                                        "value": "amicaux"
                                    }, 
                                    {
                                        "text": "professionnel", 
                                        "checked": "false", 
                                        "value": "professionnels"
                                    }, 
                                    {
                                        "text": "autre", 
                                        "checked": "false", 
                                        "value": "autre"
                                    }
                                ], 
                                "datefinished": "nan", 
                                "options": {}
                            }
                        ], 
                        "if": "true"
                    }
                }, 
                {
                    "code": "qualite_de_vie", 
                    "subtitle": "Cette semaine, est-ce que votre qualité de vie vous paraît :", 
                    "title": "", 
                    "value": 0, 
                    "answered": "ignored", 
                    "answerType": "Range", 
                    "questionOptions": [], 
                    "datefinished": "nan", 
                    "options": {
                        "max": 10, 
                        "maxLabel": "Très bien", 
                        "minLabel": "Pas bien du tout", 
                        "min": 0
                    }
                }, 
                {
                    "code": "heures_loisirs", 
                    "subtitle": "Cette semaine, combien de temps (en heures) avez-vous passé à vos loisirs ?", 
                    "title": "", 
                    "value": "1", 
                    "answered": "true", 
                    "answerType": "Input", 
                    "questionOptions": [], 
                    "datefinished": "Sat Feb 09 2019 01:30:12 GMT+0100 (CET)", 
                    "options": {
                        "max": 168, 
                        "type": "number", 
                        "min": 0
                    }
                }, 
                {
                    "code": "plaisir_activites", 
                    "subtitle": "Avez-vous pris du plaisir dans vos activités cette semaine ?", 
                    "title": "", 
                    "value": 0, 
                    "answered": "ignored", 
                    "answerType": "Range", 
                    "questionOptions": [], 
                    "datefinished": "nan", 
                    "options": {
                        "max": 10, 
                        "maxLabel": "Beaucoup", 
                        "minLabel": "Pas du tout", 
                        "min": 0
                    }
                }, 
                {
                    "code": "sens", 
                    "subtitle": "Qu'est-ce qui a eu du sens pour vous cette semaine ?", 
                    "title": "", 
                    "value": "Aller aux rdv medicaux", 
                    "answered": "true", 
                    "answerType": "Text", 
                    "questionOptions": [], 
                    "datefinished": "Sat Feb 09 2019 01:31:00 GMT+0100 (CET)", 
                    "options": {}
                }, 
                {
                    "code": "bon_moments", 
                    "subtitle": "Quels ont étés les bons moments que vous avez passés cette semaine ?", 
                    "title": "", 
                    "graph": true, 
                    "value": "", 
                    "answered": "ignored", 
                    "answerType": "Text", 
                    "questionOptions": [], 
                    "datefinished": "nan", 
                    "options": {}
                }, 
                {
                    "code": "semaine_prochaine", 
                    "subtitle": "Quel domaine de votre vie allez-vous particulièrement investir la semaine à venir ?", 
                    "title": "", 
                    "value": "", 
                    "answered": "ignored", 
                    "answerType": "Text", 
                    "questionOptions": [], 
                    "datefinished": "nan", 
                    "options": {}
                }, 
                {
                    "code": "modif_pers_imp", 
                    "subtitle": "Souhaitez-vous apporter des modifications aux données concernant les personnes importantes et/ou qui prennent de la place ?", 
                    "title": "", 
                    "answered": "ignored", 
                    "answerType": "YesNo", 
                    "questionOptions": [], 
                    "checked": false, 
                    "datefinished": "nan", 
                    "options": {}
                }
            ]
        }
    ]
}