{
    "items": [
        {
            "name": "Faire la cuisine", 
            "val": 14, 
            "_rev": "1-cc21659f28854818ac710d42246ca046", 
            "suggitem": true, 
            "_id": "05a9a478-ce58-4180-abe9-2698ea6cbc8a", 
            "type": "activ"
        }, 
        {
            "name": "Prendre un bain", 
            "val": 1, 
            "_rev": "1-8dc681c68e584a4cb5c75dab14c91c97", 
            "suggitem": true, 
            "_id": "06ddb936-ee7b-4a00-8da4-d9a5e7c59492", 
            "type": "activ"
        }, 
        {
            "tel": "0602072791", 
            "name": "", 
            "_rev": "1-892580bbc74046ee8bfe30a303242879", 
            "rel": {
                "q1": 10, 
                "q3": 10, 
                "q2": 10, 
                "q5": "", 
                "q4": 10
            }, 
            "_id": "083680ce-a237-456d-a15e-a6f602501f8f", 
            "type": "relation"
        }, 
        {
            "name": "Désespoir", 
            "val": 1, 
            "_rev": "1-fd4546ae49e4457d98d6e8d72e229f9f", 
            "suggitem": true, 
            "_id": "0b38f964-51b3-4f15-954f-70164871a571", 
            "type": "signeav"
        }, 
        {
            "name": "Chercher des moyens de se tuer", 
            "val": 10, 
            "_rev": "1-845275f77a3c453e99f41ecd6693c88f", 
            "suggitem": true, 
            "_id": "173cc200-d1a4-4c9f-9548-ac5dcb717f18", 
            "type": "signeav"
        }, 
        {
            "name": "Changements d'humeur importants", 
            "val": 6, 
            "_rev": "1-07cbd1f12a374447a3a2f693a203f840", 
            "suggitem": true, 
            "_id": "1a6be322-dc71-462d-984d-0430d69188ff", 
            "type": "signeav"
        }, 
        {
            "name": "Écrire, peindre", 
            "val": 16, 
            "_rev": "1-2e906bcf392c4e6fa1342bef6e818bdf", 
            "suggitem": true, 
            "_id": "2418fab6-65ba-453b-a43e-f330c6f3b7ed", 
            "type": "activ"
        }, 
        {
            "name": "Faire quelque chose d'artistique", 
            "val": 13, 
            "_rev": "1-a4100cf8a818476d9d1ba1808a576886", 
            "suggitem": true, 
            "_id": "32f53604-6b64-40a2-9747-c5eb65e12df0", 
            "type": "activ"
        }, 
        {
            "name": "Sentiment d’être piégé", 
            "val": 2, 
            "_rev": "1-021952ff71b643819b949848333c3f02", 
            "suggitem": true, 
            "_id": "38f3d69f-6c0c-4eb4-8743-daf2c4afdf80", 
            "type": "signeav"
        }, 
        {
            "tel": "0636744614", 
            "name": "Bergon Mc", 
            "img": "", 
            "_rev": "1-eab7534f483144f9bb84148c79ad1d38", 
            "_id": "3f610955-69c1-4e27-9381-8cac80f1c537", 
            "type": "persUrg"
        }, 
        {
            "tel": "0630320475", 
            "name": "", 
            "_rev": "1-a5cc7ef256264fb786b75006326c6d46", 
            "rel": {
                "q1": 10, 
                "q3": 10, 
                "q2": 10, 
                "q5": "", 
                "q4": 10
            }, 
            "_id": "430c6cb9-5994-4a66-af10-ae51f739dd19", 
            "type": "relation"
        }, 
        {
            "tel": "0630320475", 
            "name": "Ortin Aurelie", 
            "img": "", 
            "_rev": "1-2772a6e3eabd42a48ad65fd44a0db484", 
            "_id": "449b1f29-e1f8-4816-800c-5ab7bfdee558", 
            "type": "persAide"
        }, 
        {
            "tel": "0602072791", 
            "name": "Perez Romain", 
            "img": "", 
            "_rev": "1-e066b02124854f5e99418985d280b1fc", 
            "_id": "487e00e5-91ec-42dd-9893-62bdb7904b66", 
            "type": "persImp"
        }, 
        {
            "tel": "04 67 44 03 14", 
            "name": "Dr Audigier", 
            "img": "", 
            "_rev": "1-0b725ca38e854f7ebf355e6ba247e07d", 
            "_id": "4eba5bdf-d0de-487a-b286-7768021295ae", 
            "type": "persProf"
        }, 
        {
            "name": "Écouter de la musique, la radio", 
            "val": 5, 
            "_rev": "1-6eadc5ed088c48d5b0dd98465a17e684", 
            "suggitem": true, 
            "_id": "537eed47-69a1-4b17-9a70-ac7f7e9bc342", 
            "type": "activ"
        }, 
        {
            "tel": "0636744614", 
            "name": "Ortin Marie", 
            "img": "", 
            "_rev": "1-bf02966ed6a440719763fd5abec19b09", 
            "_id": "63c5cdf4-eb59-41f9-8bd9-f249137be708", 
            "type": "persAide"
        }, 
        {
            "tel": "0636744614", 
            "name": "", 
            "_rev": "1-4435195825864d09b39a3128b5b84d31", 
            "rel": {
                "q1": 10, 
                "q3": 10, 
                "q2": 10, 
                "q5": "", 
                "q4": 10
            }, 
            "_id": "6a703051-8b4d-46bd-b956-d6f3b2c54e89", 
            "type": "relation"
        }, 
        {
            "name": "Chanter", 
            "val": 6, 
            "_rev": "1-b8dad44bdf8c473c9786503e9d9170ba", 
            "suggitem": true, 
            "_id": "6d6a632b-90e4-42de-8b4c-34f03cf8f144", 
            "type": "activ"
        }, 
        {
            "name": "Aller au cinéma, au théâtre, au musée, à un concert", 
            "val": 2, 
            "_rev": "1-9625063190294ae99a87b55111ec669f", 
            "suggitem": true, 
            "_id": "6f2f95c5-6c45-4dd2-a714-044eea3b1339", 
            "type": "activ"
        }, 
        {
            "name": "Faire un cadeau à quelqu'un", 
            "val": 12, 
            "_rev": "1-a66a42b32f854fd6a7fe9efed751fa0d", 
            "suggitem": true, 
            "_id": "7b74f6dd-e5ce-4f4e-9292-f1cab730a813", 
            "type": "activ"
        }, 
        {
            "name": "Aller à une fête", 
            "val": 15, 
            "_rev": "1-7032013546b3405e87d454e77de22099", 
            "suggitem": true, 
            "_id": "7ef61fcf-f084-43c9-9653-adc0704dfde6", 
            "type": "activ"
        }, 
        {
            "name": "Penser aux choses positives de ma vie", 
            "val": 2, 
            "_rev": "1-baf9f65465ed4f27887aa7b2beddcf0e", 
            "suggitem": true, 
            "_id": "9760be7e-312f-49c4-8962-316fbebfd821", 
            "type": "strat"
        }, 
        {
            "type": "notifTime", 
            "_rev": "2-4e8a87b467e745ed8185565d6dbc08bb", 
            "_id": "999301ba-4875-4b78-a26f-8e8584a99bf4", 
            "notifstart": "2019-04-02T08:51:00.000Z", 
            "notifend": "2019-04-02T18:51:00.000Z"
        }, 
        {
            "tel": "0602072791", 
            "name": "Perez Romain", 
            "img": "", 
            "_rev": "1-83c2a33ec5ad4c66b8349a4fe88692f4", 
            "_id": "9cf7b0f1-45f8-45ea-8303-cc8c6c6fcefe", 
            "type": "persAide"
        }, 
        {
            "tel": "0602072791", 
            "name": "Perez Romain", 
            "img": "", 
            "_rev": "1-c228e78cb3104d34b179a77ecddcb221", 
            "_id": "a3bc0905-9e4b-434f-bef5-8f4e9d9654c5", 
            "type": "persUrg"
        }, 
        {
            "name": "Discuter", 
            "val": 10, 
            "_rev": "1-601501671c0344f99e1a639f9a044f34", 
            "suggitem": true, 
            "_id": "a7992973-584a-489f-9cbb-933e988d5294", 
            "type": "activ"
        }, 
        {
            "name": "Prise de risques", 
            "val": 8, 
            "_rev": "1-1ca3e7fbc34a4c21b34d4d2312e13a4d", 
            "suggitem": true, 
            "_id": "a8cee8e1-6f97-4a67-b0a7-6848a44cd2d8", 
            "type": "signeav"
        }, 
        {
            "name": "Impression de n’avoir aucune raison de vivre", 
            "val": 7, 
            "_rev": "1-f913e9d724c9405b8bedccc9d1d93172", 
            "suggitem": true, 
            "_id": "aa043aea-1e7a-4d12-a461-2be9c68dc7f8", 
            "type": "signeav"
        }, 
        {
            "name": "Lire des magazines, livres, journaux", 
            "val": 7, 
            "_rev": "1-ea602c38f5ad47888d3784acda10ee59", 
            "suggitem": true, 
            "_id": "af268f6c-440a-4a57-a97c-0b09c94af43b", 
            "type": "activ"
        }, 
        {
            "name": "Regarder un film/série TV/vidéos", 
            "val": 3, 
            "_rev": "1-0b4e69f663874f0985f39e1ebebaa5db", 
            "suggitem": true, 
            "_id": "c83cd2d8-014f-469c-a0e5-ecfd305f8453", 
            "type": "activ"
        }, 
        {
            "tel": "0636744614", 
            "name": "Bergon Mc", 
            "img": "", 
            "_rev": "1-a95bcea86a3840e18125eee052816911", 
            "_id": "d3967c79-f9cf-4bec-b71c-9279a2433c51", 
            "type": "persImp"
        }, 
        {
            "name": "Passer un moment avec des amis", 
            "val": 8, 
            "_rev": "1-85f16e7b7de44918b94675188c1087f4", 
            "suggitem": true, 
            "_id": "d3980436-0017-4993-bd99-c4c89f2ae91e", 
            "type": "activ"
        }, 
        {
            "name": "Se promener", 
            "val": 4, 
            "_rev": "1-c7b5a428d0d842749fcd3398d499322d", 
            "suggitem": true, 
            "_id": "d4f6b85c-f817-431f-bba6-17ce52dde7af", 
            "type": "activ"
        }, 
        {
            "name": "Pratiquer une activité physique", 
            "val": 1, 
            "_rev": "1-a0bc32a552214fd79e90eaf6f4b6ee6d", 
            "suggitem": true, 
            "_id": "dc07fad5-b0e9-4951-80e0-82023932d5ea", 
            "type": "strat"
        }, 
        {
            "tel": "0467978670", 
            "name": "Maman", 
            "img": "", 
            "_rev": "1-8840f846b05943969665b6f869c2343c", 
            "_id": "e0efc2ab-6fa7-41f5-a85a-2c4e9446d67d", 
            "type": "persPlace"
        }, 
        {
            "name": "Anxiété-agitation", 
            "val": 4, 
            "_rev": "1-e5ea8eb9d7874a3890982b78ad21f605", 
            "suggitem": true, 
            "_id": "e9e489d9-4267-42ed-aae9-25956fbca5b6", 
            "type": "signeav"
        }, 
        {
            "tel": "0630320475", 
            "name": "Ortin Aurelie", 
            "img": "", 
            "_rev": "1-1d99957a126f4c5783968977e3d31fcd", 
            "_id": "f3b3017b-b347-421a-b900-8a633d8533e7", 
            "type": "persImp"
        }, 
        {
            "name": "Me rappeler pourquoi cela vaut la peine de rester en vie", 
            "val": 3, 
            "_rev": "1-3ea3c5e260a64816844639e925df6637", 
            "suggitem": true, 
            "_id": "fb4e5251-68ba-4df7-95b5-00233be0f7e0", 
            "type": "strat"
        }
    ], 
    "logs": [
        {
            "IDuser": "mpm38", 
            "action": "login", 
            "data": "2019-04-03T10:00:41.544Z"
        }, 
        {
            "IDuser": "mpm38", 
            "action": "login", 
            "data": "2019-04-20T16:16:00.758Z"
        }, 
        {
            "IDuser": "mpm38", 
            "action": "login", 
            "data": "2019-05-04T17:01:58.074Z"
        }, 
        {
            "IDuser": "mpm38", 
            "action": "login", 
            "data": "2019-04-19T18:33:14.183Z"
        }
    ], 
    "quests": [
        {
            "status": "answered", 
            "img": "assets/img/iconsnew/ques/socio.png", 
            "_rev": "1-e60dace09cf74ecdbd8cd244d1c5a980", 
            "datedue": "2019-04-02T07:42:16.049Z", 
            "denom": "Socio-démographique", 
            "freq": "none", 
            "_id": "de772dbd-a8b3-4393-b822-9388ef286766", 
            "type": "Socio-démographique", 
            "datefinished": "Tue Apr 02 2019 09:44:44 GMT+0200 (heure d’été d’Europe centrale)", 
            "dataquestionnaire": [
                {
                    "code": "age", 
                    "subtitle": "Quel âge avez-vous ?", 
                    "title": "", 
                    "value": "58", 
                    "answered": "true", 
                    "answerType": "Input", 
                    "questionOptions": [], 
                    "datefinished": "Tue Apr 02 2019 09:42:23 GMT+0200 (heure d’été d’Europe centrale)", 
                    "options": {
                        "max": 100, 
                        "type": "number", 
                        "min": 0
                    }
                }, 
                {
                    "code": "orientation_sexuelle", 
                    "subtitle": "Quelle est votre orientation sexuelle ?", 
                    "title": "", 
                    "selItem": "heterosexuel", 
                    "answered": "true", 
                    "answerType": "Radio", 
                    "questionOptions": [
                        {
                            "text": "hétérosexuel(le)", 
                            "checked": "false", 
                            "value": "heterosexuel"
                        }, 
                        {
                            "text": "homosexuel(le)", 
                            "checked": "false", 
                            "value": "homosexuel"
                        }, 
                        {
                            "text": "bi-sexuel(le)", 
                            "checked": "false", 
                            "value": "bi-sexuel"
                        }, 
                        {
                            "text": "autre", 
                            "checked": "false", 
                            "value": "autre"
                        }
                    ], 
                    "datefinished": "Tue Apr 02 2019 09:42:31 GMT+0200 (heure d’été d’Europe centrale)", 
                    "options": {}
                }, 
                {
                    "code": "categorie_socioprofessionnelle", 
                    "subtitle": "Quelle est votre catégorie socio-professionnelle ?", 
                    "title": "", 
                    "selItem": "employes", 
                    "answered": "true", 
                    "answerType": "Radio", 
                    "questionOptions": [
                        {
                            "text": "agriculteurs exploitants", 
                            "checked": "false", 
                            "value": "agriculteurs"
                        }, 
                        {
                            "text": "artisans, commerçants et chefs d'entreprise", 
                            "checked": "false", 
                            "value": "artisans_commercants_chefs_entreprise"
                        }, 
                        {
                            "text": "cadres et professions intellectuelles supérieures", 
                            "checked": "false", 
                            "value": "cadres"
                        }, 
                        {
                            "text": "professions intermédiaires", 
                            "checked": "false", 
                            "value": "intermediaires"
                        }, 
                        {
                            "text": "employés", 
                            "checked": "false", 
                            "value": "employes"
                        }, 
                        {
                            "text": "ouvriers", 
                            "checked": "false", 
                            "value": "ouvriers"
                        }, 
                        {
                            "text": "étudiants", 
                            "checked": "false", 
                            "value": "étudiants"
                        }, 
                        {
                            "text": "retraités", 
                            "checked": "false", 
                            "value": "retraites"
                        }, 
                        {
                            "text": "sans activité professionnelle", 
                            "checked": "false", 
                            "value": "sans_activite"
                        }, 
                        {
                            "text": "autres", 
                            "checked": "false", 
                            "value": "autres"
                        }
                    ], 
                    "datefinished": "Tue Apr 02 2019 09:42:38 GMT+0200 (heure d’été d’Europe centrale)", 
                    "options": {}
                }, 
                {
                    "code": "revenus", 
                    "subtitle": "Quel est votre niveau de revenu mensuel ?", 
                    "title": "", 
                    "selItem": " 1500-2000euros", 
                    "answered": "true", 
                    "answerType": "Radio", 
                    "questionOptions": [
                        {
                            "text": "<500 euros", 
                            "checked": "false", 
                            "value": "inf500euros"
                        }, 
                        {
                            "text": " 500-1000 euros", 
                            "checked": "false", 
                            "value": " 500-1000euros"
                        }, 
                        {
                            "text": "1000-1500 euros", 
                            "checked": "false", 
                            "value": "1000-1500euros"
                        }, 
                        {
                            "text": " 1500-2000 euros", 
                            "checked": "false", 
                            "value": " 1500-2000euros"
                        }, 
                        {
                            "text": "2000-2500 euros", 
                            "checked": "false", 
                            "value": "2000-2500euros"
                        }, 
                        {
                            "text": ">2500 euros", 
                            "checked": "false", 
                            "value": "sup2500euros"
                        }, 
                        {
                            "text": "NSP", 
                            "checked": "false", 
                            "value": "NSP"
                        }
                    ], 
                    "datefinished": "Tue Apr 02 2019 09:42:49 GMT+0200 (heure d’été d’Europe centrale)", 
                    "options": {}
                }, 
                {
                    "code": "prestations_sociales", 
                    "subtitle": "Recevez-vous des prestations sociales ?", 
                    "title": "", 
                    "answered": "true", 
                    "answerType": "YesNo", 
                    "questionOptions": [], 
                    "checked": false, 
                    "datefinished": "Tue Apr 02 2019 09:42:54 GMT+0200 (heure d’été d’Europe centrale)", 
                    "options": {
                        "sousquest": [
                            {
                                "code": "prestations_sociales_precisions", 
                                "subtitle": "Laquelle/Lesquelles ?", 
                                "title": "", 
                                "value": "", 
                                "answered": "false", 
                                "answerType": "Input", 
                                "questionOptions": [], 
                                "datefinished": "nan", 
                                "options": {
                                    "type": "text"
                                }
                            }
                        ], 
                        "if": "true"
                    }
                }, 
                {
                    "code": "foyer", 
                    "subtitle": "Vivez-vous :", 
                    "title": "", 
                    "selItem": "seul", 
                    "answered": "true", 
                    "answerType": "Radio", 
                    "questionOptions": [
                        {
                            "text": "seul(e)", 
                            "checked": "false", 
                            "value": "seul"
                        }, 
                        {
                            "text": "en couple", 
                            "checked": "false", 
                            "value": "couple"
                        }, 
                        {
                            "text": "en famille", 
                            "checked": "false", 
                            "value": "famille"
                        }, 
                        {
                            "text": "en collocation", 
                            "checked": "false", 
                            "value": "collocation"
                        }, 
                        {
                            "text": "autre", 
                            "checked": "false", 
                            "value": "autre"
                        }
                    ], 
                    "datefinished": "Tue Apr 02 2019 09:43:01 GMT+0200 (heure d’été d’Europe centrale)", 
                    "options": {}
                }, 
                {
                    "code": "enfants", 
                    "subtitle": "Avez-vous des enfants ?", 
                    "title": "", 
                    "answered": "true", 
                    "answerType": "YesNo", 
                    "questionOptions": [], 
                    "checked": true, 
                    "datefinished": "Tue Apr 02 2019 09:43:10 GMT+0200 (heure d’été d’Europe centrale)", 
                    "options": {
                        "sousquest": [
                            {
                                "code": "enfants_combien", 
                                "subtitle": "Combien ?", 
                                "title": "", 
                                "value": "2", 
                                "answered": "false", 
                                "answerType": "Input", 
                                "questionOptions": [], 
                                "datefinished": "nan", 
                                "options": {
                                    "max": 100, 
                                    "type": "number", 
                                    "min": 0
                                }
                            }, 
                            {
                                "code": "enfants_avec_parent", 
                                "subtitle": "Est-ce que vos enfant(s) vit/vivent avec vous ?", 
                                "title": "", 
                                "selItem": "jam", 
                                "answered": "false", 
                                "answerType": "Radio", 
                                "questionOptions": [
                                    {
                                        "text": "tout le temps", 
                                        "checked": "false", 
                                        "value": "tout"
                                    }, 
                                    {
                                        "text": "partiellement (garde partagée)", 
                                        "checked": "false", 
                                        "value": "part"
                                    }, 
                                    {
                                        "text": "jamais", 
                                        "checked": "false", 
                                        "value": "jam"
                                    }
                                ], 
                                "datefinished": "nan", 
                                "options": {}
                            }
                        ], 
                        "if": "true"
                    }
                }, 
                {
                    "code": "beaux_enfants", 
                    "subtitle": "Avez-vous des beaux-enfants ?", 
                    "title": "", 
                    "answered": "true", 
                    "answerType": "YesNo", 
                    "questionOptions": [], 
                    "checked": false, 
                    "datefinished": "Tue Apr 02 2019 09:43:25 GMT+0200 (heure d’été d’Europe centrale)", 
                    "options": {
                        "sousquest": [
                            {
                                "code": "beaux_enfants_combien", 
                                "subtitle": "Combien ?", 
                                "title": "", 
                                "value": "", 
                                "answered": "false", 
                                "answerType": "Input", 
                                "questionOptions": [], 
                                "datefinished": "nan", 
                                "options": {
                                    "max": 100, 
                                    "type": "number", 
                                    "min": 0
                                }
                            }, 
                            {
                                "code": "beaux_enfants_avec_parent", 
                                "subtitle": "Est-ce que le/les enfant(s) de votre conjoint(e) vit/vivent avec vous ?", 
                                "title": "", 
                                "selItem": "", 
                                "answered": "false", 
                                "answerType": "Radio", 
                                "questionOptions": [
                                    {
                                        "text": "tout le temps", 
                                        "checked": "false", 
                                        "value": "tout"
                                    }, 
                                    {
                                        "text": "partiellement (garde partagée)", 
                                        "checked": "false", 
                                        "value": "part"
                                    }, 
                                    {
                                        "text": "jamais", 
                                        "checked": "false", 
                                        "value": "jam"
                                    }
                                ], 
                                "datefinished": "nan", 
                                "options": {}
                            }
                        ], 
                        "if": "true"
                    }
                }, 
                {
                    "code": "maladie_psychiatrique_passe", 
                    "subtitle": "Avez-vous eu par le passé une maladie psychiatrique ?", 
                    "title": "", 
                    "answered": "true", 
                    "answerType": "YesNo", 
                    "questionOptions": [], 
                    "checked": true, 
                    "datefinished": "Tue Apr 02 2019 09:43:38 GMT+0200 (heure d’été d’Europe centrale)", 
                    "options": {
                        "sousquest": [
                            {
                                "code": "maladie_psychiatrique_passe_precisions", 
                                "subtitle": "Laquelle / Lesquelles ?", 
                                "title": "", 
                                "value": "Depression", 
                                "answered": "false", 
                                "answerType": "Input", 
                                "questionOptions": [], 
                                "datefinished": "nan", 
                                "options": {
                                    "type": "text"
                                }
                            }
                        ], 
                        "if": "true"
                    }
                }, 
                {
                    "code": "maladie_psychiatrique_famille", 
                    "subtitle": "Est-ce que des membres de votre famille ont ou ont eu des maladies psychiatriques ?", 
                    "title": "", 
                    "answered": "true", 
                    "answerType": "YesNo", 
                    "questionOptions": [], 
                    "checked": false, 
                    "datefinished": "Tue Apr 02 2019 09:43:43 GMT+0200 (heure d’été d’Europe centrale)", 
                    "options": {
                        "sousquest": [
                            {
                                "code": "maladie_psychiatrique_famille_precisions", 
                                "subtitle": "Quel(s) membre(s) de votre famille a/ont eu quelle(s) maladie(s) ?", 
                                "title": "", 
                                "value": "", 
                                "answered": "false", 
                                "answerType": "Text", 
                                "questionOptions": [], 
                                "datefinished": "nan", 
                                "options": {}
                            }
                        ], 
                        "if": "true"
                    }
                }, 
                {
                    "code": "tentatives_suicide", 
                    "subtitle": "Avez-vous déjà fait une/des tentative(s) de suicide ?", 
                    "title": "", 
                    "answered": "true", 
                    "answerType": "YesNo", 
                    "questionOptions": [], 
                    "checked": true, 
                    "datefinished": "Tue Apr 02 2019 09:43:51 GMT+0200 (heure d’été d’Europe centrale)", 
                    "options": {
                        "sousquest": [
                            {
                                "code": "tentatives_suicide_precisions", 
                                "subtitle": "Combien ?", 
                                "title": "", 
                                "value": "5", 
                                "answered": "false", 
                                "answerType": "Input", 
                                "questionOptions": [], 
                                "datefinished": "nan", 
                                "options": {
                                    "max": 100, 
                                    "type": "number", 
                                    "min": 0
                                }
                            }
                        ], 
                        "if": "true"
                    }
                }, 
                {
                    "code": "tentatives_suicide_famille", 
                    "subtitle": "Est-ce que des membres de votre famille ont fait une/ des tentative(s) de suicide ?", 
                    "title": "", 
                    "answered": "true", 
                    "answerType": "YesNo", 
                    "questionOptions": [], 
                    "checked": true, 
                    "datefinished": "Tue Apr 02 2019 09:44:35 GMT+0200 (heure d’été d’Europe centrale)", 
                    "options": {
                        "sousquest": [
                            {
                                "code": "tentatives_suicide_famille_precisions", 
                                "subtitle": "Qui ?", 
                                "title": "", 
                                "value": "Pere", 
                                "answered": "false", 
                                "answerType": "Input", 
                                "questionOptions": [], 
                                "datefinished": "nan", 
                                "options": {
                                    "type": "text"
                                }
                            }
                        ], 
                        "if": "true"
                    }
                }, 
                {
                    "code": "agitation_tension_emotionnelle", 
                    "subtitle": "À partir de quel niveau de tension émotionnelle vous sentez-vous en détresse ?", 
                    "title": "", 
                    "required": true, 
                    "value": 4, 
                    "answered": "true", 
                    "answerType": "Range", 
                    "questionOptions": [], 
                    "datefinished": "Tue Apr 02 2019 09:44:44 GMT+0200 (heure d’été d’Europe centrale)", 
                    "options": {
                        "max": 10, 
                        "maxLabel": "", 
                        "minLabel": "", 
                        "min": 0
                    }
                }
            ]
        }
    ]
}