{
    "items": [
        {
            "name": "Lire des magazines, livres, journaux", 
            "val": 7, 
            "_rev": "1-b211bc0a5c964108b19c11844a0e7af1", 
            "suggitem": true, 
            "_id": "00fffbe7-cfac-4cf9-ae3d-da639096feda", 
            "type": "activ"
        }, 
        {
            "_rev": "1-8b2d87b3583b4bf39ef56de5dc3b3303", 
            "_id": "120a3e77-ebc6-4bf0-aed2-806f0abb9365", 
            "type": "traitencours", 
            "name": "Minipress"
        }, 
        {
            "name": "Passer un moment avec des amis", 
            "val": 8, 
            "_rev": "1-66144191406241559531b14565db7f28", 
            "suggitem": true, 
            "_id": "217c824f-f5cf-4b82-9e6c-26d3d30ca976", 
            "type": "activ"
        }, 
        {
            "name": "Regarder un film/série TV/vidéos", 
            "val": 3, 
            "_rev": "1-91773737f1d9425f80f086cf859e081e", 
            "suggitem": true, 
            "_id": "65b2878d-7cd6-438b-932c-1aa6ac13cdab", 
            "type": "activ"
        }, 
        {
            "type": "notifTime", 
            "_rev": "2-dfa83424a8a6402e9ba55164a582748c", 
            "_id": "67ec4af2-ee9f-4399-8c3c-faeb83444ae0", 
            "notifstart": "2019-06-11T05:03:00.000Z", 
            "notifend": "2019-06-11T15:03:00.000Z"
        }, 
        {
            "name": "Jouer de la musique", 
            "val": 11, 
            "_rev": "1-63f04429cfae4b3ba5c3d515ba5ff522", 
            "suggitem": true, 
            "_id": "86d11ec9-242a-4c6b-a1c2-c6099c7b05d8", 
            "type": "activ"
        }, 
        {
            "idnotif": 300, 
            "name": "Psychologue ", 
            "_rev": "1-6bd388ca722444c58d09f2eb6b22a054", 
            "time": "2019-06-14T11:01:00.000Z", 
            "freq": "toujours", 
            "_id": "890150b7-bc18-48db-be83-10e25e8cfb4b", 
            "type": "rappelrdv"
        }, 
        {
            "_rev": "1-a3805bc7e4b34c84baf40d88a963a5d9", 
            "_id": "aa2774bc-da28-4998-9984-58fed76b58ca", 
            "type": "traitencours", 
            "name": "Valium "
        }, 
        {
            "_rev": "1-b09d0eb351a441b0a121238ba6188a58", 
            "_id": "adf57d43-de28-4593-8eb8-bcc6242f12f5", 
            "type": "traitencours", 
            "name": "Sertraline "
        }, 
        {
            "name": "Écouter de la musique, la radio", 
            "val": 5, 
            "_rev": "1-e318286d9fda41f597156246d2953e82", 
            "suggitem": true, 
            "_id": "b459832d-ade7-4d04-b6c1-193f885c2f2e", 
            "type": "activ"
        }, 
        {
            "tel": "+33 6 31 29 46 72", 
            "name": "Léa !!", 
            "img": "content://com.android.contacts/contacts/200/photo", 
            "_rev": "1-c6aeb6ba25064dbd844838c06843464d", 
            "_id": "b46fd6b2-d12d-464f-8e6c-0150812717b2", 
            "type": "persUrg"
        }, 
        {
            "tel": "+33 6 31 29 46 72", 
            "name": "Léa !!", 
            "img": "content://com.android.contacts/contacts/200/photo", 
            "_rev": "1-8a08df860b294d8692b97e43943d3256", 
            "_id": "c3dba751-bdfb-4cb2-ab03-85ff437507c0", 
            "type": "persImp"
        }, 
        {
            "idnotif": 300, 
            "name": "Minipress", 
            "_rev": "1-281672a793b44928b65adca7313cc0dd", 
            "time": "2019-06-14T20:00:00.000Z", 
            "freq": "toujours", 
            "_id": "c8c75c9d-2835-409d-88b4-5b36e369541c", 
            "type": "rappeltrait"
        }, 
        {
            "name": "Écrire, peindre", 
            "val": 16, 
            "_rev": "1-5baf4ee73ca5474eb2f50f8c3f0cf0ed", 
            "suggitem": true, 
            "_id": "cabb5ce9-3d3f-4588-ade2-1e05317a9525", 
            "type": "activ"
        }, 
        {
            "tel": "+33 6 31 29 46 72", 
            "name": "", 
            "_rev": "1-63191d96b90849dbaf61ba28df74c9c2", 
            "rel": {
                "q1": 10, 
                "q3": 10, 
                "q2": 8, 
                "q5": "Très fusionnelle ", 
                "q4": 10
            }, 
            "_id": "d5e88ef9-420e-4137-83e3-363382677ec5", 
            "type": "relation"
        }, 
        {
            "idnotif": 301, 
            "name": "Minipress", 
            "_rev": "1-54993eed05504013810ef24ca412c4f7", 
            "time": "2019-06-14T20:00:00.000Z", 
            "freq": "toujours", 
            "_id": "f88d6f7b-7fbc-44e5-8e59-8be705583a34", 
            "type": "rappeltrait"
        }
    ], 
    "logs": [
        {
            "IDuser": "mwa48", 
            "action": "login", 
            "data": "2019-06-14T11:30:36.168Z"
        }, 
        {
            "IDuser": "mwa48", 
            "action": "AppelProche", 
            "data": "2019-06-14T19:30:05.293Z"
        }, 
        {
            "IDuser": "mwa48", 
            "action": "login", 
            "data": "2019-06-19T20:53:24.908Z"
        }, 
        {
            "IDuser": "mwa48", 
            "action": "AppelUrgence", 
            "data": "2019-06-14T19:29:20.422Z"
        }, 
        {
            "IDuser": "mwa48", 
            "action": "AppelProche", 
            "data": "2019-06-11T15:12:55.016Z"
        }, 
        {
            "IDuser": "mwa48", 
            "action": "login", 
            "data": "2019-07-26T13:50:35.433Z"
        }, 
        {
            "IDuser": "mwa48", 
            "action": "login", 
            "data": "2019-06-17T20:06:10.173Z"
        }, 
        {
            "IDuser": "mwa48", 
            "action": "login", 
            "data": "2019-06-13T17:17:11.117Z"
        }, 
        {
            "IDuser": "mwa48", 
            "action": "login", 
            "data": "2019-07-09T21:41:08.287Z"
        }, 
        {
            "IDuser": "mwa48", 
            "action": "login", 
            "data": "2019-06-13T15:15:25.235Z"
        }, 
        {
            "IDuser": "mwa48", 
            "action": "login", 
            "data": "2019-06-16T01:21:07.086Z"
        }, 
        {
            "IDuser": "mwa48", 
            "action": "login", 
            "data": "2019-06-14T17:36:05.679Z"
        }, 
        {
            "IDuser": "mwa48", 
            "action": "ForgetMDP", 
            "data": "2019-06-14T17:35:46.128Z"
        }, 
        {
            "IDuser": "mwa48", 
            "action": "AppelProche", 
            "data": "2019-06-11T15:13:20.899Z"
        }, 
        {
            "IDuser": "mwa48", 
            "action": "AppelProche", 
            "data": "2019-06-11T15:12:40.896Z"
        }, 
        {
            "IDuser": "mwa48", 
            "action": "login", 
            "data": "2019-07-22T20:59:12.698Z"
        }, 
        {
            "IDuser": "mwa48", 
            "action": "login", 
            "data": "2019-06-12T15:10:36.817Z"
        }, 
        {
            "IDuser": "mwa48", 
            "action": "login", 
            "data": "2019-06-30T05:25:21.245Z"
        }, 
        {
            "IDuser": "mwa48", 
            "action": "login", 
            "data": "2019-06-20T20:29:54.656Z"
        }, 
        {
            "IDuser": "mwa48", 
            "action": "login", 
            "data": "2019-06-14T07:34:28.444Z"
        }, 
        {
            "IDuser": "mwa48", 
            "action": "AppelCentre", 
            "data": "2019-06-17T20:08:42.211Z"
        }, 
        {
            "IDuser": "mwa48", 
            "action": "AppelProche", 
            "data": "2019-06-14T19:29:49.338Z"
        }
    ], 
    "quests": [
        {
            "status": "answered", 
            "img": "assets/img/iconsnew/ques/emma.png", 
            "_rev": "2-65d166b328a94251a4abdcad7f0d021a", 
            "datedue": "2019-06-14T07:36:07.242Z", 
            "prog": 264, 
            "denom": "Spontané", 
            "freq": "third", 
            "_id": "096e73cb-dc82-4000-a797-69b075e7c6d6", 
            "type": "EMMA", 
            "datefinished": "Fri Jun 14 2019 09:40:12 GMT+0200 (heure d’été d’Europe centrale)", 
            "dataquestionnaire": [
                {
                    "code": "matin_bien_dormi", 
                    "subtitle": "Avez-vous bien dormi ?", 
                    "title": "", 
                    "graph": true, 
                    "required": true, 
                    "value": 0, 
                    "answered": "notfreq", 
                    "answerType": "Range", 
                    "questionOptions": [], 
                    "datefinished": "nan", 
                    "options": {
                        "min": 0, 
                        "max": 10, 
                        "sousquest": [
                            {
                                "code": "matin_mal_dormi_cause", 
                                "subtitle": "À cause de quoi ?", 
                                "title": "", 
                                "selItem": "", 
                                "answered": "false", 
                                "answerType": "Radio", 
                                "questionOptions": [
                                    {
                                        "text": "j'ai fait des cauchemars", 
                                        "checked": "false", 
                                        "value": "cauchemars"
                                    }, 
                                    {
                                        "text": "je me faisais du souci", 
                                        "checked": "false", 
                                        "value": "souci"
                                    }, 
                                    {
                                        "text": "je n'avais pas sommeil", 
                                        "checked": "false", 
                                        "value": "pas_sommeil"
                                    }, 
                                    {
                                        "text": "j'avais des douleurs physiques", 
                                        "checked": "false", 
                                        "value": "douleurs"
                                    }, 
                                    {
                                        "text": "autre", 
                                        "checked": "false", 
                                        "value": "autre"
                                    }
                                ], 
                                "datefinished": "nan", 
                                "options": {
                                    "cond": "first"
                                }
                            }
                        ], 
                        "cond": "first", 
                        "minLabel": "Très mal", 
                        "maxLabel": "Très bien", 
                        "if": "4"
                    }
                }, 
                {
                    "code": "q5_emma_douleur_morale", 
                    "subtitle": "Quel est votre niveau de douleur psychologique <strong>maintenant</strong> ?", 
                    "title": "", 
                    "required": true, 
                    "value": 3, 
                    "answered": "true", 
                    "answerType": "Range", 
                    "questionOptions": [], 
                    "datefinished": "Fri Jun 14 2019 09:36:26 GMT+0200 (heure d’été d’Europe centrale)", 
                    "options": {
                        "min": 0, 
                        "max": 10, 
                        "sousquest": [
                            {
                                "code": "douleurs_psy_tolerance", 
                                "subtitle": "À quel point avez-vous trouvé cette douleur tolérable ?", 
                                "title": "", 
                                "value": 0, 
                                "answered": "false", 
                                "answerType": "Range", 
                                "questionOptions": [], 
                                "datefinished": "nan", 
                                "options": {
                                    "max": 10, 
                                    "maxLabel": "Tout à fait tolérable", 
                                    "minLabel": "Pas du tout tolérable", 
                                    "min": 0
                                }
                            }, 
                            {
                                "code": "intensite_idee_suicide", 
                                "subtitle": "Quelle est l'intensité de vos idées de suicide <strong>maintenant</strong> ?", 
                                "title": "", 
                                "value": 0, 
                                "answered": "false", 
                                "answerType": "Range", 
                                "questionOptions": [], 
                                "datefinished": "nan", 
                                "options": {
                                    "max": 10, 
                                    "maxLabel": "", 
                                    "minLabel": "", 
                                    "min": 0
                                }
                            }, 
                            {
                                "code": "intensite_intention_suicide", 
                                "subtitle": "Quelle est l'intensité de votre intention de vous tuer ?", 
                                "title": "", 
                                "value": 0, 
                                "answered": "false", 
                                "answerType": "Range", 
                                "questionOptions": [], 
                                "datefinished": "nan", 
                                "options": {
                                    "max": 10, 
                                    "maxLabel": "", 
                                    "minLabel": "", 
                                    "min": 0
                                }
                            }
                        ], 
                        "maxLabel": "Extrême", 
                        "minLabel": "Nul", 
                        "if": "5"
                    }
                }, 
                {
                    "code": "q8_emma_agitation", 
                    "subtitle": "Quel est votre niveau d'agitation ou de tension émotionnelle ?", 
                    "title": "", 
                    "required": true, 
                    "value": 3, 
                    "answered": "true", 
                    "answerType": "Range", 
                    "questionOptions": [], 
                    "datefinished": "Fri Jun 14 2019 09:36:32 GMT+0200 (heure d’été d’Europe centrale)", 
                    "options": {
                        "max": 10, 
                        "maxLabel": "Extrême", 
                        "minLabel": "Nul", 
                        "min": 0
                    }
                }, 
                {
                    "code": "bien_etre", 
                    "subtitle": "Quel est votre niveau de bien-être <strong>maintenant</strong> ?", 
                    "title": "", 
                    "value": 6, 
                    "answered": "true", 
                    "answerType": "Range", 
                    "questionOptions": [], 
                    "datefinished": "Fri Jun 14 2019 09:36:39 GMT+0200 (heure d’été d’Europe centrale)", 
                    "options": {
                        "max": 10, 
                        "maxLabel": "Extrême", 
                        "minLabel": "Nul", 
                        "min": 0
                    }
                }, 
                {
                    "code": "q10_emma_faire", 
                    "subtitle": "J'étais en train de :", 
                    "title": "Qu'étiez-vous en train de faire ?", 
                    "answered": "true", 
                    "answerType": "Checkbox", 
                    "questionOptions": [
                        {
                            "text": "m'occuper pour ne pas penser", 
                            "checked": "false", 
                            "value": "m_occuper"
                        }, 
                        {
                            "text": "ne rien faire", 
                            "checked": "false", 
                            "value": "rien_faire"
                        }, 
                        {
                            "text": "ruminer, essayer de penser à autre chose", 
                            "checked": "false", 
                            "value": "ruminer"
                        }, 
                        {
                            "text": "faire une activité qui me plaît ou qui a du sens pour moi", 
                            "checked": "false", 
                            "value": "activite"
                        }, 
                        {
                            "text": "travailler", 
                            "checked": "false", 
                            "value": "travailler"
                        }, 
                        {
                            "text": "faire des tâches ménagères", 
                            "checked": "false", 
                            "value": "taches_menageres"
                        }, 
                        {
                            "text": "autre", 
                            "checked": true, 
                            "value": "autre"
                        }
                    ], 
                    "datefinished": "Fri Jun 14 2019 09:37:00 GMT+0200 (heure d’été d’Europe centrale)", 
                    "options": {}
                }, 
                {
                    "code": "lieu", 
                    "subtitle": "", 
                    "title": "Où êtes-vous en ce moment ?", 
                    "selItem": "chez_moi", 
                    "answered": "true", 
                    "answerType": "Radio", 
                    "questionOptions": [
                        {
                            "text": "chez moi", 
                            "checked": "false", 
                            "value": "chez_moi"
                        }, 
                        {
                            "text": "chez mon/ma partenaire", 
                            "checked": "false", 
                            "value": "chez_partenaire"
                        }, 
                        {
                            "text": "chez mes parents ou ma famille", 
                            "checked": "false", 
                            "value": "famille"
                        }, 
                        {
                            "text": "chez mes amis", 
                            "checked": "false", 
                            "value": "amis"
                        }, 
                        {
                            "text": "à mon travail", 
                            "checked": "false", 
                            "value": "travail"
                        }, 
                        {
                            "text": "en classe", 
                            "checked": "false", 
                            "value": "classe"
                        }, 
                        {
                            "text": "en déplacement (transports en communs...)", 
                            "checked": "false", 
                            "value": "deplacement"
                        }, 
                        {
                            "text": "à l'intérieur (maison...)", 
                            "checked": "false", 
                            "value": "interieur"
                        }, 
                        {
                            "text": "à l'extérieur (jardin...)", 
                            "checked": "false", 
                            "value": "exterieur"
                        }, 
                        {
                            "text": "autre", 
                            "checked": "false", 
                            "value": "autre"
                        }
                    ], 
                    "datefinished": "Fri Jun 14 2019 09:37:10 GMT+0200 (heure d’été d’Europe centrale)", 
                    "options": {}
                }, 
                {
                    "code": "entourage", 
                    "subtitle": "", 
                    "title": "Qui est avec vous <strong>maintenant</strong> ?", 
                    "answered": "true", 
                    "answerType": "Checkbox", 
                    "questionOptions": [
                        {
                            "text": "personne, je suis seul(e)", 
                            "checked": "false", 
                            "value": "personne"
                        }, 
                        {
                            "text": "famille", 
                            "checked": "false", 
                            "value": "famille"
                        }, 
                        {
                            "text": "amis", 
                            "checked": true, 
                            "value": "amis"
                        }, 
                        {
                            "text": "partenaire/petit(e) ami(e)", 
                            "checked": "false", 
                            "value": "partenaire"
                        }, 
                        {
                            "text": "collègue(s) de travail", 
                            "checked": "false", 
                            "value": "collegues"
                        }, 
                        {
                            "text": "étudiants", 
                            "checked": "false", 
                            "value": "etudiants"
                        }, 
                        {
                            "text": "des inconnus", 
                            "checked": "false", 
                            "value": "inconnus"
                        }, 
                        {
                            "text": "un ou des animaux (chien, ...)", 
                            "checked": "false", 
                            "value": "animaux"
                        }, 
                        {
                            "text": "autre", 
                            "checked": "false", 
                            "value": "autre"
                        }
                    ], 
                    "datefinished": "Fri Jun 14 2019 09:37:27 GMT+0200 (heure d’été d’Europe centrale)", 
                    "options": {}
                }, 
                {
                    "code": "evenement", 
                    "subtitle": "Quel a été l'événement ou l'expérience qui vous a le plus affecté(e) depuis ce matin ?", 
                    "title": "", 
                    "value": "", 
                    "answered": "notfreq", 
                    "answerType": "Text", 
                    "questionOptions": [], 
                    "datefinished": "nan", 
                    "options": {
                        "cond": "first"
                    }
                }, 
                {
                    "code": "evenement", 
                    "subtitle": "Quel a été l'événement ou l'expérience qui vous a le plus affecté(e)depuis la dernière fois que vous avez répondu au questionnaire ?", 
                    "title": "", 
                    "value": "Appel téléphonique stressant ", 
                    "answered": "true", 
                    "answerType": "Text", 
                    "questionOptions": [], 
                    "datefinished": "Fri Jun 14 2019 09:37:49 GMT+0200 (heure d’été d’Europe centrale)", 
                    "options": {
                        "condnot": "first"
                    }
                }, 
                {
                    "code": "evenement_relationnel", 
                    "subtitle": "Cet événement était-il relationnel ?", 
                    "title": "", 
                    "answered": "true", 
                    "answerType": "YesNo", 
                    "questionOptions": [], 
                    "checked": true, 
                    "datefinished": "Fri Jun 14 2019 09:38:37 GMT+0200 (heure d’été d’Europe centrale)", 
                    "options": {
                        "sousquest": [
                            {
                                "code": "evenement_contact", 
                                "subtitle": "Qui cela a t-il impliqué ?", 
                                "title": "", 
                                "value": "Maxime Vidal 😘", 
                                "answered": "false", 
                                "answerType": "Contact", 
                                "questionOptions": [], 
                                "datefinished": "nan", 
                                "options": {}
                            }, 
                            {
                                "code": "evenement_heure", 
                                "subtitle": "À quel moment cela s'est-il passé ? ", 
                                "title": "", 
                                "value": "17:00", 
                                "answered": "false", 
                                "answerType": "Time", 
                                "questionOptions": [], 
                                "datefinished": "nan", 
                                "options": {}
                            }
                        ], 
                        "if": "true"
                    }
                }, 
                {
                    "code": "q18_evenement_impact", 
                    "subtitle": "", 
                    "title": "Quel impact cet événement a-t-il eu sur vous ?", 
                    "value": -2, 
                    "answered": "true", 
                    "answerType": "Range", 
                    "questionOptions": [], 
                    "datefinished": "Fri Jun 14 2019 09:39:15 GMT+0200 (heure d’été d’Europe centrale)", 
                    "options": {
                        "min": -5, 
                        "max": 5, 
                        "sousquest": [
                            {
                                "code": "q19_evenement_impact_envie", 
                                "subtitle": "Cela m'a donné envie de :", 
                                "title": "", 
                                "answered": "false", 
                                "answerType": "Checkbox", 
                                "questionOptions": [
                                    {
                                        "text": "faire quelque chose de plaisant pour moi", 
                                        "checked": "false", 
                                        "value": "plaisant"
                                    }, 
                                    {
                                        "text": "me faire du mal", 
                                        "checked": true, 
                                        "value": "me_faire_du_mal"
                                    }, 
                                    {
                                        "text": "boire de l'alcool", 
                                        "checked": "false", 
                                        "value": "boire_de_lalcool"
                                    }, 
                                    {
                                        "text": "prendre des toxiques", 
                                        "checked": "false", 
                                        "value": "prendre_des_toxiques"
                                    }, 
                                    {
                                        "text": "fumer du cannabis", 
                                        "checked": true, 
                                        "value": "fumer_du_cannabis"
                                    }, 
                                    {
                                        "text": "prendre des calmants", 
                                        "checked": true, 
                                        "value": "prendre_des_calmants"
                                    }, 
                                    {
                                        "text": "me remplir de nourriture ", 
                                        "checked": "false", 
                                        "value": "me_remplir_de_nourriture "
                                    }
                                ], 
                                "datefinished": "nan"
                            }, 
                            {
                                "code": "q21_me_faire_mal_metuer", 
                                "subtitle": "me tuer", 
                                "title": "", 
                                "value": 1, 
                                "answered": "false", 
                                "answerType": "Range", 
                                "questionOptions": [], 
                                "datefinished": "nan", 
                                "options": {
                                    "max": 10, 
                                    "maxLabel": "", 
                                    "minLabel": "", 
                                    "min": 0
                                }
                            }, 
                            {
                                "code": "besoins_imperieux_2", 
                                "subtitle": "me couper/me scarifier", 
                                "title": "", 
                                "value": 10, 
                                "answered": "false", 
                                "answerType": "Range", 
                                "questionOptions": [], 
                                "datefinished": "nan", 
                                "options": {
                                    "max": 10, 
                                    "maxLabel": "", 
                                    "minLabel": "", 
                                    "min": 0
                                }
                            }, 
                            {
                                "code": "besoins_imperieux_3", 
                                "subtitle": "me brûler", 
                                "title": "", 
                                "value": 0, 
                                "answered": "false", 
                                "answerType": "Range", 
                                "questionOptions": [], 
                                "datefinished": "nan", 
                                "options": {
                                    "max": 10, 
                                    "maxLabel": "", 
                                    "minLabel": "", 
                                    "min": 0
                                }
                            }, 
                            {
                                "code": "besoins_imperieux_4", 
                                "subtitle": "me frapper", 
                                "title": "", 
                                "value": 0, 
                                "answered": "false", 
                                "answerType": "Range", 
                                "questionOptions": [], 
                                "datefinished": "nan", 
                                "options": {
                                    "max": 10, 
                                    "maxLabel": "", 
                                    "minLabel": "", 
                                    "min": 0
                                }
                            }, 
                            {
                                "code": "besoins_imperieux_5", 
                                "subtitle": "autre", 
                                "title": "", 
                                "value": 0, 
                                "answered": "false", 
                                "answerType": "Range", 
                                "questionOptions": [], 
                                "datefinished": "nan", 
                                "options": {
                                    "max": 10, 
                                    "maxLabel": "", 
                                    "minLabel": "", 
                                    "min": 0
                                }
                            }
                        ], 
                        "maxLabel": "extrêmement positif", 
                        "minLabel": "extrêmement négatif", 
                        "if": "0"
                    }
                }, 
                {
                    "code": "pensees_interpretation", 
                    "subtitle": "", 
                    "title": "Quelles sont vos interprétations de cet événement ? Que vous dites-vous sur cette situation ?", 
                    "value": "Que j'ai été nul", 
                    "answered": "true", 
                    "answerType": "Text", 
                    "questionOptions": [], 
                    "datefinished": "Fri Jun 14 2019 09:40:12 GMT+0200 (heure d’été d’Europe centrale)", 
                    "options": {}
                }, 
                {
                    "code": "jour_qualite_appetit", 
                    "subtitle": "Comment est votre appétit aujourd'hui ?", 
                    "title": "", 
                    "value": 0, 
                    "answered": "notfreq", 
                    "answerType": "Range", 
                    "questionOptions": [], 
                    "datefinished": "nan", 
                    "options": {
                        "max": 10, 
                        "cond": "last", 
                        "minLabel": "Très mauvaise", 
                        "maxLabel": "Excellente", 
                        "min": 0
                    }
                }, 
                {
                    "code": "soir_douleurs_physiques", 
                    "subtitle": "Avez-vous eu des douleurs physiques aujourd'hui ?", 
                    "title": "", 
                    "value": 0, 
                    "answered": "notfreq", 
                    "answerType": "Range", 
                    "questionOptions": [], 
                    "datefinished": "nan", 
                    "options": {
                        "min": 0, 
                        "max": 10, 
                        "sousquest": [
                            {
                                "code": "soir_douleurs_physiques_tolerance", 
                                "subtitle": "À quel point avez-vous trouvé cette douleur tolérable ?", 
                                "title": "", 
                                "value": 0, 
                                "answered": "false", 
                                "answerType": "Range", 
                                "questionOptions": [], 
                                "datefinished": "nan", 
                                "options": {
                                    "max": 10, 
                                    "maxLabel": "Tout à fait tolérable", 
                                    "minLabel": "Pas du tout tolérable", 
                                    "min": 0
                                }
                            }
                        ], 
                        "cond": "last", 
                        "minLabel": "Pas du tout", 
                        "maxLabel": "Beaucoup", 
                        "if": "5"
                    }
                }, 
                {
                    "code": "ressentis_sentiments", 
                    "subtitle": "Que ressentez-vous en vous en ce moment ?", 
                    "title": "", 
                    "answered": "notfreq", 
                    "answerType": "Checkbox", 
                    "questionOptions": [
                        {
                            "text": "je suis un fardeau pour les autres", 
                            "checked": "false", 
                            "value": "fardeau"
                        }, 
                        {
                            "text": "je suis sans espoir", 
                            "checked": "false", 
                            "value": "sans_espoir"
                        }, 
                        {
                            "text": "j'ai échoué", 
                            "checked": "false", 
                            "value": "echec"
                        }, 
                        {
                            "text": "colère/irritabilité ", 
                            "checked": "false", 
                            "value": "col"
                        }, 
                        {
                            "text": "tristesse", 
                            "checked": "false", 
                            "value": "trit"
                        }, 
                        {
                            "text": "honte/humiliation", 
                            "checked": "false", 
                            "value": "honte"
                        }, 
                        {
                            "text": "peur/Anxiété ", 
                            "checked": "false", 
                            "value": "peur"
                        }, 
                        {
                            "text": "dégoût", 
                            "checked": "false", 
                            "value": "deg"
                        }, 
                        {
                            "text": "joie/plaisir", 
                            "checked": "false", 
                            "value": "joie"
                        }, 
                        {
                            "text": "culpabilité", 
                            "checked": "false", 
                            "value": "culp"
                        }, 
                        {
                            "text": "intérêt/curiosité", 
                            "checked": "false", 
                            "value": "int"
                        }, 
                        {
                            "text": "surprise", 
                            "checked": "false", 
                            "value": "echec"
                        }, 
                        {
                            "text": "ennui/vide", 
                            "checked": "false", 
                            "value": "ennui"
                        }, 
                        {
                            "text": "sérénité", 
                            "checked": "false", 
                            "value": "ser"
                        }, 
                        {
                            "text": "espoir", 
                            "checked": "false", 
                            "value": "espoir"
                        }, 
                        {
                            "text": "fierté", 
                            "checked": "false", 
                            "value": "fiert"
                        }, 
                        {
                            "text": "amour", 
                            "checked": "false", 
                            "value": "amour"
                        }
                    ], 
                    "datefinished": "nan", 
                    "options": {
                        "cond": "last"
                    }
                }, 
                {
                    "code": "soir_activite_importante", 
                    "subtitle": "Aujourd'hui, est-ce que avez fait quelque chose d'important pour vous ?", 
                    "title": "", 
                    "answered": "notfreq", 
                    "answerType": "YesNo", 
                    "questionOptions": [], 
                    "checked": false, 
                    "datefinished": "nan", 
                    "options": {
                        "cond": "last", 
                        "sousquest": [
                            {
                                "code": "soir_activites", 
                                "subtitle": "", 
                                "title": "", 
                                "answered": "false", 
                                "answerType": "Checkbox", 
                                "questionOptions": [
                                    {
                                        "text": "j'ai fait du sport", 
                                        "checked": "false", 
                                        "value": "sport"
                                    }, 
                                    {
                                        "text": "j'ai vu ma famille / mes amis", 
                                        "checked": "false", 
                                        "value": "famille/amis"
                                    }, 
                                    {
                                        "text": "je me suis promené(e)", 
                                        "checked": "false", 
                                        "value": "promenade"
                                    }, 
                                    {
                                        "text": "j'ai lu", 
                                        "checked": "false", 
                                        "value": "lecture"
                                    }, 
                                    {
                                        "text": "j'ai regardé un film", 
                                        "checked": "false", 
                                        "value": "film"
                                    }, 
                                    {
                                        "text": "j'ai eu des relations sexuelles", 
                                        "checked": "false", 
                                        "value": "relations_sexuelles"
                                    }, 
                                    {
                                        "text": "j'ai joué", 
                                        "checked": "false", 
                                        "value": "jeu"
                                    }, 
                                    {
                                        "text": "autre", 
                                        "checked": "false", 
                                        "value": "autre"
                                    }
                                ], 
                                "datefinished": "nan", 
                                "options": {}
                            }
                        ], 
                        "if": "true"
                    }
                }, 
                {
                    "code": "soir_faire_du_mal", 
                    "subtitle": "Aujourd'hui, est-ce que vous vous êtes fait du mal ?", 
                    "title": "", 
                    "answered": "notfreq", 
                    "answerType": "YesNo", 
                    "questionOptions": [], 
                    "checked": false, 
                    "datefinished": "nan", 
                    "options": {
                        "cond": "last", 
                        "sousquest": [
                            {
                                "code": "soir_faire_du_mal_comment", 
                                "subtitle": "", 
                                "title": "", 
                                "answered": "false", 
                                "answerType": "Checkbox", 
                                "questionOptions": [
                                    {
                                        "text": "je me suis scarifié(e) ou brûlé(e)", 
                                        "checked": "false", 
                                        "value": "scarifie_brule"
                                    }, 
                                    {
                                        "text": "j'ai essayé de me tuer", 
                                        "checked": "false", 
                                        "value": "tentative_tuer"
                                    }, 
                                    {
                                        "text": "j'ai bu une grande quantité d'alcool", 
                                        "checked": "false", 
                                        "value": "alcool"
                                    }, 
                                    {
                                        "text": "je me suis rempli(e) de nourriture", 
                                        "checked": "false", 
                                        "value": "nourriture"
                                    }, 
                                    {
                                        "text": "j'ai pris des toxiques", 
                                        "checked": "false", 
                                        "value": "toxiques"
                                    }, 
                                    {
                                        "text": "j'ai fumé du cannabis", 
                                        "checked": "false", 
                                        "value": "cannabis"
                                    }, 
                                    {
                                        "text": "j'ai pris des calmants", 
                                        "checked": "false", 
                                        "value": "calmants"
                                    }, 
                                    {
                                        "text": "autre", 
                                        "checked": "false", 
                                        "value": "autre"
                                    }
                                ], 
                                "datefinished": "nan", 
                                "options": {}
                            }
                        ], 
                        "if": "true"
                    }
                }, 
                {
                    "code": "soir_conflits", 
                    "subtitle": "Avez-vous vécu des conflits aujourd'hui ?", 
                    "title": "", 
                    "answered": "notfreq", 
                    "answerType": "YesNo", 
                    "questionOptions": [], 
                    "checked": false, 
                    "datefinished": "nan", 
                    "options": {
                        "cond": "last", 
                        "sousquest": [
                            {
                                "code": "soir_conflits_type", 
                                "subtitle": "", 
                                "title": "", 
                                "answered": "false", 
                                "answerType": "Checkbox", 
                                "questionOptions": [
                                    {
                                        "text": "familiaux", 
                                        "checked": "false", 
                                        "value": "familiaux"
                                    }, 
                                    {
                                        "text": "amicaux", 
                                        "checked": "false", 
                                        "value": "amicaux"
                                    }, 
                                    {
                                        "text": "professionnels", 
                                        "checked": "false", 
                                        "value": "professionnels"
                                    }
                                ], 
                                "datefinished": "nan", 
                                "options": {}
                            }
                        ], 
                        "if": "true"
                    }
                }, 
                {
                    "code": "soir_conflits_reaction", 
                    "subtitle": "Comment avez-vous réagi ?", 
                    "title": "", 
                    "value": "", 
                    "answered": "notfreq", 
                    "answerType": "Text", 
                    "questionOptions": [], 
                    "datefinished": "nan", 
                    "options": {
                        "cond": "last"
                    }
                }, 
                {
                    "code": "soir_bien", 
                    "subtitle": "Qu’est ce que vous avez fait de bien aujourd’hui ?", 
                    "title": "", 
                    "value": "", 
                    "answered": "notfreq", 
                    "answerType": "Text", 
                    "questionOptions": [], 
                    "datefinished": "nan", 
                    "options": {
                        "cond": "last"
                    }
                }, 
                {
                    "code": "soir_ressenti", 
                    "subtitle": "Comment vous sentez-vous ?", 
                    "title": "", 
                    "value": 0, 
                    "answered": "notfreq", 
                    "answerType": "Range", 
                    "questionOptions": [], 
                    "datefinished": "nan", 
                    "options": {
                        "max": 10, 
                        "cond": "last", 
                        "minLabel": "Très mal", 
                        "maxLabel": "Très bien", 
                        "min": 0
                    }
                }, 
                {
                    "code": "soir_faire_souhait", 
                    "subtitle": "Avez-vous pu faire ce que vous souhaitiez aujourd’hui ?", 
                    "title": "", 
                    "answered": "notfreq", 
                    "answerType": "YesNo", 
                    "questionOptions": [], 
                    "checked": false, 
                    "datefinished": "nan", 
                    "options": {
                        "cond": "last", 
                        "sousquest": [
                            {
                                "code": "soir_faire_souhait_pourquoi", 
                                "subtitle": "Pourquoi selon vous ?", 
                                "title": "", 
                                "value": "", 
                                "answered": "false", 
                                "answerType": "Text", 
                                "questionOptions": [], 
                                "datefinished": "nan", 
                                "options": {}
                            }
                        ], 
                        "if": "false"
                    }
                }, 
                {
                    "code": "soir_traitement", 
                    "subtitle": "Si vous avez des traitements, les avez-vous bien pris aujourd'hui ?", 
                    "title": "", 
                    "graph": true, 
                    "required": true, 
                    "answered": "notfreq", 
                    "answerType": "YesNo", 
                    "questionOptions": [], 
                    "checked": false, 
                    "datefinished": "nan", 
                    "options": {
                        "cond": "last", 
                        "sousquest": [
                            {
                                "code": "soir_traitement_benefique", 
                                "subtitle": "Est-ce que vous avez l'impression que ça vous a été bénéfique ?", 
                                "title": "", 
                                "answered": "false", 
                                "answerType": "YesNo", 
                                "questionOptions": [], 
                                "checked": false, 
                                "datefinished": "nan", 
                                "options": {}
                            }
                        ], 
                        "if": "true"
                    }
                }, 
                {
                    "code": "soir_bonne_journee", 
                    "subtitle": "Avez-vous passé une bonne journée ?", 
                    "title": "", 
                    "graph": true, 
                    "required": true, 
                    "value": 0, 
                    "answered": "notfreq", 
                    "answerType": "Range", 
                    "questionOptions": [], 
                    "datefinished": "nan", 
                    "options": {
                        "max": 10, 
                        "cond": "last", 
                        "minLabel": "Très mauvaise", 
                        "maxLabel": "Excellente", 
                        "min": 0
                    }
                }, 
                {
                    "code": "autrui_connect", 
                    "subtitle": "À combien vous êtes-vous senti connecté avec autrui aujourd'hui ?", 
                    "title": "", 
                    "value": 0, 
                    "answered": "notfreq", 
                    "answerType": "Range", 
                    "questionOptions": [], 
                    "datefinished": "nan", 
                    "options": {
                        "max": 10, 
                        "cond": "last", 
                        "minLabel": "", 
                        "maxLabel": "", 
                        "min": 0
                    }
                }, 
                {
                    "code": "soir_humeur", 
                    "subtitle": "Évaluez votre humeur de la journée", 
                    "title": "", 
                    "graph": true, 
                    "required": true, 
                    "value": 0, 
                    "answered": "notfreq", 
                    "answerType": "Range", 
                    "questionOptions": [], 
                    "datefinished": "nan", 
                    "options": {
                        "max": 10, 
                        "cond": "last", 
                        "minLabel": "Extrêment déprimée", 
                        "maxLabel": "Normale", 
                        "min": -10
                    }
                }, 
                {
                    "code": "soir_journee_vs_prevu", 
                    "subtitle": "Votre journée s'est-elle déroulée mieux ou moins bien que prévu ?", 
                    "title": "", 
                    "value": 0, 
                    "answered": "notfreq", 
                    "answerType": "Range", 
                    "questionOptions": [], 
                    "datefinished": "nan", 
                    "options": {
                        "max": 10, 
                        "cond": "last", 
                        "minLabel": "Moins bien", 
                        "maxLabel": "Mieux", 
                        "min": 0
                    }
                }, 
                {
                    "code": "soir_choses_positives", 
                    "subtitle": "Quelles ont été les choses positives aujourd'hui ?", 
                    "title": "", 
                    "value": "", 
                    "answered": "notfreq", 
                    "answerType": "Text", 
                    "questionOptions": [], 
                    "datefinished": "nan", 
                    "options": {
                        "cond": "last"
                    }
                }, 
                {
                    "code": "soir_liste_mieux_que_prevu", 
                    "subtitle": "Listez les choses que votre mental vous avait prédit qui se passeraient mal, et qui se sont finalement mieux passées que prévu.", 
                    "title": "", 
                    "value": "", 
                    "answered": "notfreq", 
                    "answerType": "Text", 
                    "questionOptions": [], 
                    "datefinished": "nan", 
                    "options": {
                        "cond": "last"
                    }
                }
            ]
        }
    ]
}